old_source_filename,new_source_filename,old_markdown_link,new_markdown_link,status
"12-01-Petra Overview Deck.jpg","12-01-Petra Overview Deck.jpg","12-01-Petra Overview Deck.jpg","Images/2024 03 Middle East/12/12-01-Petra Overview Deck.jpg","SOURCE_NAME_OK;UPDATED_MARKDOWN_LINK"
"A7402518.jpg","12-02 Petra Entry Overview.jpg","12-02 Petra Entry Overview.jpg","Images/2024 03 Middle East/12/12-02 Petra Entry Overview.jpg","RENAMED_SOURCE;UPDATED_MARKDOWN_LINK"
"A7402539.jpg","12-03-Road to Wadi Rum.jpg","12-03-Road to Wadi Rum.jpg","Images/2024 03 Middle East/12/12-03-Road to Wadi Rum.jpg","RENAMED_SOURCE;UPDATED_MARKDOWN_LINK"
"A7402543.jpg","12-04-Road to Wadi Rum.jpg","12-04-Road to Wadi Rum.jpg","Images/2024 03 Middle East/12/12-04-Road to Wadi Rum.jpg","RENAMED_SOURCE;UPDATED_MARKDOWN_LINK"
"A7402567.jpg","12-05-Road to Wadi Rum.jpg","12-05-Road to Wadi Rum.jpg","Images/2024 03 Middle East/12/12-05-Road to Wadi Rum.jpg","RENAMED_SOURCE;UPDATED_MARKDOWN_LINK"
"A7402603.jpg","12-06-Road to Wadi Rum.jpg","12-06-Road to Wadi Rum.jpg","Images/2024 03 Middle East/12/12-06-Road to Wadi Rum.jpg","RENAMED_SOURCE;UPDATED_MARKDOWN_LINK"
"A7402616.jpg","12-07-Road to Wadi Rum.jpg","12-07-Road to Wadi Rum.jpg","Images/2024 03 Middle East/12/12-07-Road to Wadi Rum.jpg","RENAMED_SOURCE;UPDATED_MARKDOWN_LINK"
"A7402774.jpg","12-08-Wadi Rum.jpg","12-08-Wadi Rum.jpg","Images/2024 03 Middle East/12/12-08-Wadi Rum.jpg","RENAMED_SOURCE;UPDATED_MARKDOWN_LINK"
"A7402663.jpg","12-09-Train Station in Wadi Rum.jpg","12-09-Train Station in Wadi Rum.jpg","Images/2024 03 Middle East/12/12-09-Train Station in Wadi Rum.jpg","RENAMED_SOURCE;UPDATED_MARKDOWN_LINK"
"A7402723.jpg","12-10-Train Station in Wadi Rum.jpg","12-10-Train Station in Wadi Rum.jpg","Images/2024 03 Middle East/12/12-10-Train Station in Wadi Rum.jpg","RENAMED_SOURCE;UPDATED_MARKDOWN_LINK"
"A7402707.jpg","12-11-Train Station in Wadi Rum.jpg","12-11-Train Station in Wadi Rum.jpg","Images/2024 03 Middle East/12/12-11-Train Station in Wadi Rum.jpg","RENAMED_SOURCE;UPDATED_MARKDOWN_LINK"
"A7402814.jpg","12-12-Wadi Rum.jpg","12-12-Wadi Rum.jpg","Images/2024 03 Middle East/12/12-12-Wadi Rum.jpg","RENAMED_SOURCE;UPDATED_MARKDOWN_LINK"
"A7402850.jpg","12-13-Wadi Rum.jpg","12-13-Wadi Rum.jpg","Images/2024 03 Middle East/12/12-13-Wadi Rum.jpg","RENAMED_SOURCE;UPDATED_MARKDOWN_LINK"
"A7402867.jpg","12-14-Sun City Camp.jpg","12-14-Sun City Camp.jpg","Images/2024 03 Middle East/12/12-14-Sun City Camp.jpg","RENAMED_SOURCE;UPDATED_MARKDOWN_LINK"
"A7402833.jpg","12-15-Sun City Camp.jpg","12-15-Sun City Camp.jpg","Images/2024 03 Middle East/12/12-15-Sun City Camp.jpg","RENAMED_SOURCE;UPDATED_MARKDOWN_LINK"
"_DSC4184.jpg","12-16-Sun City Camp.jpg","12-16-Sun City Camp.jpg","Images/2024 03 Middle East/12/12-16-Sun City Camp.jpg","RENAMED_SOURCE;UPDATED_MARKDOWN_LINK"
"A7402948.jpg","12-17-Wadi Rum.jpg","12-17-Wadi Rum.jpg","Images/2024 03 Middle East/12/12-17-Wadi Rum.jpg","RENAMED_SOURCE;UPDATED_MARKDOWN_LINK"
"A7403013.jpg","12-18-Wadi Rum.jpg","12-18-Wadi Rum.jpg","Images/2024 03 Middle East/12/12-18-Wadi Rum.jpg","RENAMED_SOURCE;UPDATED_MARKDOWN_LINK"
"A7403356.jpg","12-19-Wadi Rum.jpg","12-19-Wadi Rum.jpg","Images/2024 03 Middle East/12/12-19-Wadi Rum.jpg","RENAMED_SOURCE;UPDATED_MARKDOWN_LINK"
"12-20-Wadi Rum.jpg","12-20-Wadi Rum.jpg","12-20-Wadi Rum.jpg","Images/2024 03 Middle East/12/12-20-Wadi Rum.jpg","SOURCE_NAME_OK;UPDATED_MARKDOWN_LINK"
"12-21-Wadi Rum.jpg","12-21-Wadi Rum.jpg","12-21-Wadi Rum.jpg","Images/2024 03 Middle East/12/12-21-Wadi Rum.jpg","SOURCE_NAME_OK;UPDATED_MARKDOWN_LINK"
"A7403141.jpg","12-22-Wadi Rum.jpg","12-22-Wadi Rum.jpg","Images/2024 03 Middle East/12/12-22-Wadi Rum.jpg","RENAMED_SOURCE;UPDATED_MARKDOWN_LINK"
"A7403190.jpg","12-23-Wadi Rum.jpg","12-23-Wadi Rum.jpg","Images/2024 03 Middle East/12/12-23-Wadi Rum.jpg","RENAMED_SOURCE;UPDATED_MARKDOWN_LINK"
"A7403280.jpg","12-24-Wadi Rum.jpg","12-24-Wadi Rum.jpg","Images/2024 03 Middle East/12/12-24-Wadi Rum.jpg","RENAMED_SOURCE;UPDATED_MARKDOWN_LINK"
"A7403240.jpg","12-25-Wadi Rum.jpg","12-25-Wadi Rum.jpg","Images/2024 03 Middle East/12/12-25-Wadi Rum.jpg","RENAMED_SOURCE;UPDATED_MARKDOWN_LINK"
"A7403230.jpg","12-26-Wadi Rum.jpg","12-26-Wadi Rum.jpg","Images/2024 03 Middle East/12/12-26-Wadi Rum.jpg","RENAMED_SOURCE;UPDATED_MARKDOWN_LINK"
"A7403318.jpg","12-27-Wadi Rum Lawrence House.jpg","12-27-Wadi Rum Lawrence House.jpg","Images/2024 03 Middle East/12/12-27-Wadi Rum Lawrence House.jpg","RENAMED_SOURCE;UPDATED_MARKDOWN_LINK"
"A7403341.jpg","12-28-Wadi Rum Muhammed.jpg","12-28-Wadi Rum Muhammed.jpg","Images/2024 03 Middle East/12/12-28-Wadi Rum Muhammed.jpg","RENAMED_SOURCE;UPDATED_MARKDOWN_LINK"
"A7403621.jpg","12-29-Wadi Rum.jpg","content/Images/2024 03 Middle East/12/A7403621.jpg","Images/2024 03 Middle East/12/12-29-Wadi Rum.jpg","RENAMED_SOURCE;UPDATED_MARKDOWN_LINK"
"A7403351.jpg","12-30-Wadi Rum.jpg","content/Images/2024 03 Middle East/12/A7403351.jpg","Images/2024 03 Middle East/12/12-30-Wadi Rum.jpg","RENAMED_SOURCE;UPDATED_MARKDOWN_LINK"
"A7403859.jpg","12-31-Wadi Rum.jpg","content/Images/2024 03 Middle East/12/A7403859.jpg","Images/2024 03 Middle East/12/12-31-Wadi Rum.jpg","RENAMED_SOURCE;UPDATED_MARKDOWN_LINK"
"A7403380.jpg","12-32-Wadi Rum.jpg","12-32-Wadi Rum.jpg","Images/2024 03 Middle East/12/12-32-Wadi Rum.jpg","RENAMED_SOURCE;UPDATED_MARKDOWN_LINK"
"A7403389.jpg","12-33-Um Frouth Rock Bridge Wadi Rum.jpg","12-33-Um Frouth Rock Bridge Wadi Rum.jpg","Images/2024 03 Middle East/12/12-33-Um Frouth Rock Bridge Wadi Rum.jpg","RENAMED_SOURCE;UPDATED_MARKDOWN_LINK"
"A7403395.jpg","12-34-Um Frouth Rock Bridge Wadi Rum.jpg","12-34-Um Frouth Rock Bridge Wadi Rum.jpg","Images/2024 03 Middle East/12/12-34-Um Frouth Rock Bridge Wadi Rum.jpg","RENAMED_SOURCE;UPDATED_MARKDOWN_LINK"
"A7403434.jpg","12-35-Um Frouth Rock Bridge Wadi Rum.jpg","12-35-Um Frouth Rock Bridge Wadi Rum.jpg","Images/2024 03 Middle East/12/12-35-Um Frouth Rock Bridge Wadi Rum.jpg","RENAMED_SOURCE;UPDATED_MARKDOWN_LINK"
"A7403466.jpg","12-36-Um Frouth Rock Bridge Wadi Rum.jpg","12-36-Um Frouth Rock Bridge Wadi Rum.jpg","Images/2024 03 Middle East/12/12-36-Um Frouth Rock Bridge Wadi Rum.jpg","RENAMED_SOURCE;UPDATED_MARKDOWN_LINK"
"A7403442.jpg","12-36-Wadi Rum.jpg","12-36-Wadi Rum.jpg","Images/2024 03 Middle East/12/12-36-Wadi Rum.jpg","RENAMED_SOURCE;UPDATED_MARKDOWN_LINK"
"_DSC4257.jpg","12-37-Wadi Rum.jpg","12-37-Wadi Rum.jpg","Images/2024 03 Middle East/12/12-37-Wadi Rum.jpg","RENAMED_SOURCE;UPDATED_MARKDOWN_LINK"
"A7403541.jpg","12-38-Mushroom Rock Wadi Rum.jpg","12-38-Mushroom Rock Wadi Rum.jpg","Images/2024 03 Middle East/12/12-38-Mushroom Rock Wadi Rum.jpg","RENAMED_SOURCE;UPDATED_MARKDOWN_LINK"
"A7403635.jpg","12-39-Wadi Rum.jpg","12-39-Wadi Rum.jpg","Images/2024 03 Middle East/12/12-39-Wadi Rum.jpg","RENAMED_SOURCE;UPDATED_MARKDOWN_LINK"
"A7403644.jpg","12-40-Wadi Rum.jpg","12-40-Wadi Rum.jpg","Images/2024 03 Middle East/12/12-40-Wadi Rum.jpg","RENAMED_SOURCE;UPDATED_MARKDOWN_LINK"
"A7403650.jpg","12-41-Wadi Rum.jpg","12-41-Wadi Rum.jpg","Images/2024 03 Middle East/12/12-41-Wadi Rum.jpg","RENAMED_SOURCE;UPDATED_MARKDOWN_LINK"
"A7404097.jpg","12-42-Wadi Rum.jpg","12-42-Wadi Rum.jpg","Images/2024 03 Middle East/12/12-42-Wadi Rum.jpg","RENAMED_SOURCE;UPDATED_MARKDOWN_LINK"
"A7404129.jpg","12-43-Wadi Rum.jpg","12-43-Wadi Rum.jpg","Images/2024 03 Middle East/12/12-43-Wadi Rum.jpg","RENAMED_SOURCE;UPDATED_MARKDOWN_LINK"
"_DSC4307.jpg","12-44-Wadi Rum.jpg","12-44-Wadi Rum.jpg","Images/2024 03 Middle East/12/12-44-Wadi Rum.jpg","RENAMED_SOURCE;UPDATED_MARKDOWN_LINK"
"A7404297.jpg","12-45-Sunset in Wadi Rum.jpg","12-45-Sunset in Wadi Rum.jpg","Images/2024 03 Middle East/12/12-45-Sunset in Wadi Rum.jpg","RENAMED_SOURCE;UPDATED_MARKDOWN_LINK"
"A7404246.jpg","12-46-Sunset in Wadi Rum.jpg","12-46-Sunset in Wadi Rum.jpg","Images/2024 03 Middle East/12/12-46-Sunset in Wadi Rum.jpg","RENAMED_SOURCE;UPDATED_MARKDOWN_LINK"
"A7404286.jpg","12-47-Sunset in Wadi Rum.jpg","12-47-Sunset in Wadi Rum.jpg","Images/2024 03 Middle East/12/12-47-Sunset in Wadi Rum.jpg","RENAMED_SOURCE;UPDATED_MARKDOWN_LINK"
"A7404421.jpg","12-48-Sunset in Wadi Rum.jpg","12-48-Sunset in Wadi Rum.jpg","Images/2024 03 Middle East/12/12-48-Sunset in Wadi Rum.jpg","RENAMED_SOURCE;UPDATED_MARKDOWN_LINK"
"A7404488.jpg","12-49-Sunset in Wadi Rum.jpg","12-49-Sunset in Wadi Rum.jpg","Images/2024 03 Middle East/12/12-49-Sunset in Wadi Rum.jpg","RENAMED_SOURCE;UPDATED_MARKDOWN_LINK"
"A7404501.jpg","12-50-Night in Wadi Rum.jpg","12-50-Night in Wadi Rum.jpg","Images/2024 03 Middle East/12/12-50-Night in Wadi Rum.jpg","RENAMED_SOURCE;UPDATED_MARKDOWN_LINK"
"A7404522-Enhanced-NR.jpg","12-51-Night in Wadi Rum.jpg","12-51-Night in Wadi Rum.jpg","Images/2024 03 Middle East/12/12-51-Night in Wadi Rum.jpg","RENAMED_SOURCE;UPDATED_MARKDOWN_LINK"
"A7404513.jpg","12-52-Night in Wadi Rum.jpg","12-52-Night in Wadi Rum.jpg","Images/2024 03 Middle East/12/12-52-Night in Wadi Rum.jpg","RENAMED_SOURCE;UPDATED_MARKDOWN_LINK"
"A7404661-Enhanced-NR-Edit.jpg","12-53-Night in Wadi Rum.jpg","12-53-Night in Wadi Rum.jpg","Images/2024 03 Middle East/12/12-53-Night in Wadi Rum.jpg","RENAMED_SOURCE;UPDATED_MARKDOWN_LINK"
