"Note number","Original Name","New name","New location"
"01","01_0 YVR.jpg","01-01 YVR.jpg","content/Images/2024 03 Middle East/01/01-01 YVR.jpg"
"01","01_01 Flight Map.png","01-02 Flight Map.png","content/Images/2024 03 Middle East/01/01-02 Flight Map.png"
"01","01-1 YVR.jpg","01-03 YVR.jpg","content/Images/2024 03 Middle East/01/01-03 YVR.jpg"
"01","01-2 Flight.jpg","01-04 Flight.jpg","content/Images/2024 03 Middle East/01/01-04 Flight.jpg"
"01","01-3 Greenland.jpg","01-05 Greenland.jpg","content/Images/2024 03 Middle East/01/01-05 Greenland.jpg"
"01","01-4 Greenland.jpg","01-06 Greenland.jpg","content/Images/2024 03 Middle East/01/01-06 Greenland.jpg"
"01","01-5 Greenland.jpg","01-07 Greenland.jpg","content/Images/2024 03 Middle East/01/01-07 Greenland.jpg"
"01","01-6 Greenland.jpg","01-08 Greenland.jpg","content/Images/2024 03 Middle East/01/01-08 Greenland.jpg"
"01","01-7 England.jpg","01-09 England.jpg","content/Images/2024 03 Middle East/01/01-09 England.jpg"
"01","01-8 England.jpg","01-10 England.jpg","content/Images/2024 03 Middle East/01/01-10 England.jpg"
"01","01-Grid-01 England.jpg","01-11 Grid-01 England.jpg","content/Images/2024 03 Middle East/01/01-11 Grid-01 England.jpg"
"01","01-Grid-02 England.jpg","01-12 Grid-02 England.jpg","content/Images/2024 03 Middle East/01/01-12 Grid-02 England.jpg"
"01","01-Grid-04 England.jpg","01-13 Grid-04 England.jpg","content/Images/2024 03 Middle East/01/01-13 Grid-04 England.jpg"
"01","01-Grid-03 England.jpg","01-14 Grid-03 England.jpg","content/Images/2024 03 Middle East/01/01-14 Grid-03 England.jpg"
"01","01-9 London.jpg","01-15 London.jpg","content/Images/2024 03 Middle East/01/01-15 London.jpg"
"01","01-10 London.jpg","01-16 London.jpg","content/Images/2024 03 Middle East/01/01-16 London.jpg"
"01","01-11 London.jpg","01-17 London.jpg","content/Images/2024 03 Middle East/01/01-17 London.jpg"
"01","01-12 London.jpg","01-18 London.jpg","content/Images/2024 03 Middle East/01/01-18 London.jpg"
"01","01-13 Heathrow Airport.jpg","01-19 Heathrow Airport.jpg","content/Images/2024 03 Middle East/01/01-19 Heathrow Airport.jpg"
"01","01-14 Heathrow Airport.jpg","01-20 Heathrow Airport.jpg","content/Images/2024 03 Middle East/01/01-20 Heathrow Airport.jpg"
"01","01-15 Heathrow Airport.jpg","01-21 Heathrow Airport.jpg","content/Images/2024 03 Middle East/01/01-21 Heathrow Airport.jpg"
"01","01-16 England.jpg","01-22 England.jpg","content/Images/2024 03 Middle East/01/01-22 England.jpg"
"01","01-17 White Cliff.jpg","01-23 White Cliff.jpg","content/Images/2024 03 Middle East/01/01-23 White Cliff.jpg"
"01","01-18 France.jpg","01-24 France.jpg","content/Images/2024 03 Middle East/01/01-24 France.jpg"
"01","01-19 Paris.jpg","01-25 Paris.jpg","content/Images/2024 03 Middle East/01/01-25 Paris.jpg"
"01","01-20 France.jpg","01-26 France.jpg","content/Images/2024 03 Middle East/01/01-26 France.jpg"
"01","01-21 France.jpg","01-27 France.jpg","content/Images/2024 03 Middle East/01/01-27 France.jpg"
"01","01-22 Greece.jpg","01-28 Greece.jpg","content/Images/2024 03 Middle East/01/01-28 Greece.jpg"
"01","01-23 Greece.jpg","01-29 Greece.jpg","content/Images/2024 03 Middle East/01/01-29 Greece.jpg"
"01","01-24 Greece.jpg","01-30 Greece.jpg","content/Images/2024 03 Middle East/01/01-30 Greece.jpg"
"01","01-25 Egypt.jpg","01-31 Egypt.jpg","content/Images/2024 03 Middle East/01/01-31 Egypt.jpg"
"01","01-26 Egypt.jpg","01-32 Egypt.jpg","content/Images/2024 03 Middle East/01/01-32 Egypt.jpg"
"01","01-27 Cairo.jpg","01-33 Cairo.jpg","content/Images/2024 03 Middle East/01/01-33 Cairo.jpg"
"01","01-28 Cairo.jpg","01-34 Cairo.jpg","content/Images/2024 03 Middle East/01/01-34 Cairo.jpg"
"01","01-29 Cairo Airport.jpg","01-35 Cairo Airport.jpg","content/Images/2024 03 Middle East/01/01-35 Cairo Airport.jpg"
"01","01-30 Cairo Airport.jpg","01-36 Cairo Airport.jpg","content/Images/2024 03 Middle East/01/01-36 Cairo Airport.jpg"
"01","01-31 Cairo Sunset.jpg","01-37 Cairo Sunset.jpg","content/Images/2024 03 Middle East/01/01-37 Cairo Sunset.jpg"
"01","01-32 Cairo Street.jpg","01-38 Cairo Street.jpg","content/Images/2024 03 Middle East/01/01-38 Cairo Street.jpg"
"01","01-33 Cairo Street.jpg","01-39 Cairo Street.jpg","content/Images/2024 03 Middle East/01/01-39 Cairo Street.jpg"
"01","01-34 Cairo Street.jpg","01-40 Cairo Street.jpg","content/Images/2024 03 Middle East/01/01-40 Cairo Street.jpg"
"01","01-35 Cairo Street.jpg","01-41 Cairo Street.jpg","content/Images/2024 03 Middle East/01/01-41 Cairo Street.jpg"
"01","01-36 Cairo Hotel.jpg","01-42 Cairo Hotel.jpg","content/Images/2024 03 Middle East/01/01-42 Cairo Hotel.jpg"
"01","01-37 Cairo Hotel.jpg","01-43 Cairo Hotel.jpg","content/Images/2024 03 Middle East/01/01-43 Cairo Hotel.jpg"
"01","01-38 Cairo Hotel.jpg","01-44 Cairo Hotel.jpg","content/Images/2024 03 Middle East/01/01-44 Cairo Hotel.jpg"
"01","01-39 Cairo Hotel.jpg","01-45 Cairo Hotel.jpg","content/Images/2024 03 Middle East/01/01-45 Cairo Hotel.jpg"
"01","01-40 Cairo Hotel.jpg","01-46 Cairo Hotel.jpg","content/Images/2024 03 Middle East/01/01-46 Cairo Hotel.jpg"
"01","01-41 Cairo Hotel.jpg","01-47 Cairo Hotel.jpg","content/Images/2024 03 Middle East/01/01-47 Cairo Hotel.jpg"
"01","01-42 Cairo Hotel.jpg","01-48 Cairo Hotel.jpg","content/Images/2024 03 Middle East/01/01-48 Cairo Hotel.jpg"
"01","01-43 Cairo Hotel.jpg","01-49 Cairo Hotel.jpg","content/Images/2024 03 Middle East/01/01-49 Cairo Hotel.jpg"
"02","02-1 Pyramid.jpg","02-01 Pyramid.jpg","content/Images/2024 03 Middle East/02/02-01 Pyramid.jpg"
"02","02-2 Pyramid.jpg","02-02 Pyramid.jpg","content/Images/2024 03 Middle East/02/02-02 Pyramid.jpg"
"02","02-3  Pyramid.jpg","02-03  Pyramid.jpg","content/Images/2024 03 Middle East/02/02-03  Pyramid.jpg"
"02","02-4 Pyramid.png","02-04 Pyramid.png","content/Images/2024 03 Middle East/02/02-04 Pyramid.png"
"02","02-5  Pyramid.jpg","02-05  Pyramid.jpg","content/Images/2024 03 Middle East/02/02-05  Pyramid.jpg"
"02","02-6 Pyramid.jpg","02-06 Pyramid.jpg","content/Images/2024 03 Middle East/02/02-06 Pyramid.jpg"
"02","02-7 Pyramid.jpg","02-07 Pyramid.jpg","content/Images/2024 03 Middle East/02/02-07 Pyramid.jpg"
"02","02-8 Pyramid.jpg","02-08 Pyramid.jpg","content/Images/2024 03 Middle East/02/02-08 Pyramid.jpg"
"02","02-9 Pyramid.jpg","02-09 Pyramid.jpg","content/Images/2024 03 Middle East/02/02-09 Pyramid.jpg"
"02","02-10 Pyramid.jpg","02-10 Pyramid.jpg","content/Images/2024 03 Middle East/02/02-10 Pyramid.jpg"
"02","02-11 Pyramid.jpg","02-11 Pyramid.jpg","content/Images/2024 03 Middle East/02/02-11 Pyramid.jpg"
"02","02-12 Pyramid.jpg","02-12 Pyramid.jpg","content/Images/2024 03 Middle East/02/02-12 Pyramid.jpg"
"02","02-13 Pyramid.jpg","02-13 Pyramid.jpg","content/Images/2024 03 Middle East/02/02-13 Pyramid.jpg"
"02","02-14 Pyramid.jpg","02-14 Pyramid.jpg","content/Images/2024 03 Middle East/02/02-14 Pyramid.jpg"
"02","02-15 Pyramid.jpg","02-15 Pyramid.jpg","content/Images/2024 03 Middle East/02/02-15 Pyramid.jpg"
"02","02-16 Pyramid.jpg","02-16 Pyramid.jpg","content/Images/2024 03 Middle East/02/02-16 Pyramid.jpg"
"02","02-17 Pyramid.jpg","02-17 Pyramid.jpg","content/Images/2024 03 Middle East/02/02-17 Pyramid.jpg"
"02","02-18 Pyramid.jpg","02-18 Pyramid.jpg","content/Images/2024 03 Middle East/02/02-18 Pyramid.jpg"
"02","02-19 Pyramid.jpg","02-19 Pyramid.jpg","content/Images/2024 03 Middle East/02/02-19 Pyramid.jpg"
"02","02-20 Pyramid.jpg","02-20 Pyramid.jpg","content/Images/2024 03 Middle East/02/02-20 Pyramid.jpg"
"02","02-21 Pyramid.jpg","02-21 Pyramid.jpg","content/Images/2024 03 Middle East/02/02-21 Pyramid.jpg"
"02","02-22 Pyramid.jpg","02-22 Pyramid.jpg","content/Images/2024 03 Middle East/02/02-22 Pyramid.jpg"
"02","02-23 Pyramid.jpg","02-23 Pyramid.jpg","content/Images/2024 03 Middle East/02/02-23 Pyramid.jpg"
"02","02-24 Pyramid.jpg","02-24 Pyramid.jpg","content/Images/2024 03 Middle East/02/02-24 Pyramid.jpg"
"02","02-25 Pyramid.jpg","02-25 Pyramid.jpg","content/Images/2024 03 Middle East/02/02-25 Pyramid.jpg"
"02","02-26 Pyramid.jpg","02-26 Pyramid.jpg","content/Images/2024 03 Middle East/02/02-26 Pyramid.jpg"
"02","02-27 Sphinx.jpg","02-27 Sphinx.jpg","content/Images/2024 03 Middle East/02/02-27 Sphinx.jpg"
"02","02-28 Sphinx.jpg","02-28 Sphinx.jpg","content/Images/2024 03 Middle East/02/02-28 Sphinx.jpg"
"02","02-29 Papyrus.jpg","02-29 Papyrus.jpg","content/Images/2024 03 Middle East/02/02-29 Papyrus.jpg"
"02","02-30 Papyrus.jpg","02-30 Papyrus.jpg","content/Images/2024 03 Middle East/02/02-30 Papyrus.jpg"
"02","02-31 Egypt.jpg","02-31 Egypt.jpg","content/Images/2024 03 Middle East/02/02-31 Egypt.jpg"
"02","02-32 Egypt.jpg","02-32 Egypt.jpg","content/Images/2024 03 Middle East/02/02-32 Egypt.jpg"
"02","02-33 Egypt.jpg","02-33 Egypt.jpg","content/Images/2024 03 Middle East/02/02-33 Egypt.jpg"
"02","02-34 Egypt.jpg","02-34 Egypt.jpg","content/Images/2024 03 Middle East/02/02-34 Egypt.jpg"
"02","02-35 Step Pyramid.jpg","02-35 Step Pyramid.jpg","content/Images/2024 03 Middle East/02/02-35 Step Pyramid.jpg"
"02","02-36 Step Pyramid.jpg","02-36 Step Pyramid.jpg","content/Images/2024 03 Middle East/02/02-36 Step Pyramid.jpg"
"02","02-37 Step Pyramid.jpg","02-37 Step Pyramid.jpg","content/Images/2024 03 Middle East/02/02-37 Step Pyramid.jpg"
"02","02-38 Pyramid Evloving.png","02-38 Pyramid Evloving.png","content/Images/2024 03 Middle East/02/02-38 Pyramid Evloving.png"
"02","02-39 Step Pyramid.jpg","02-39 Step Pyramid.jpg","content/Images/2024 03 Middle East/02/02-39 Step Pyramid.jpg"
"02","02-40 Step Pyramid.jpg","02-40 Step Pyramid.jpg","content/Images/2024 03 Middle East/02/02-40 Step Pyramid.jpg"
"02","02-41  Step Pyramid.jpg","02-41  Step Pyramid.jpg","content/Images/2024 03 Middle East/02/02-41  Step Pyramid.jpg"
"02","02-42 Pyramids in distance.jpg","02-42 Pyramids in distance.jpg","content/Images/2024 03 Middle East/02/02-42 Pyramids in distance.jpg"
"02","02-43 Step Pyramid Tomb.jpg","02-43 Step Pyramid Tomb.jpg","content/Images/2024 03 Middle East/02/02-43 Step Pyramid Tomb.jpg"
"02","02-44 Step Pyramid Tomb.jpg","02-44 Step Pyramid Tomb.jpg","content/Images/2024 03 Middle East/02/02-44 Step Pyramid Tomb.jpg"
"02","02-45 Step Pyramid Tomb.jpg","02-45 Step Pyramid Tomb.jpg","content/Images/2024 03 Middle East/02/02-45 Step Pyramid Tomb.jpg"
"02","02-46 Step Pyramid Tomb.jpg","02-46 Step Pyramid Tomb.jpg","content/Images/2024 03 Middle East/02/02-46 Step Pyramid Tomb.jpg"
"02","02-47 Step Pyramid Tomb.jpg","02-47 Step Pyramid Tomb.jpg","content/Images/2024 03 Middle East/02/02-47 Step Pyramid Tomb.jpg"
"02","02-48 Step Pyramid Tomb.jpg","02-48 Step Pyramid Tomb.jpg","content/Images/2024 03 Middle East/02/02-48 Step Pyramid Tomb.jpg"
"02","02-49 Memphis Museum.jpg","02-49 Memphis Museum.jpg","content/Images/2024 03 Middle East/02/02-49 Memphis Museum.jpg"
"02","02-50 Memphis Museum.jpg","02-50 Memphis Museum.jpg","content/Images/2024 03 Middle East/02/02-50 Memphis Museum.jpg"
"02","02-51 Memphis Museum.jpg","02-51 Memphis Museum.jpg","content/Images/2024 03 Middle East/02/02-51 Memphis Museum.jpg"
"02","02-52 Memphis Museum.jpg","02-52 Memphis Museum.jpg","content/Images/2024 03 Middle East/02/02-52 Memphis Museum.jpg"
"02","02-53 Memphis Museum.jpg","02-53 Memphis Museum.jpg","content/Images/2024 03 Middle East/02/02-53 Memphis Museum.jpg"
"02","02-54 Pyramid Sunset.jpg","02-54 Pyramid Sunset.jpg","content/Images/2024 03 Middle East/02/02-54 Pyramid Sunset.jpg"
"02","02-55 Pyramid Sunset.jpg","02-55 Pyramid Sunset.jpg","content/Images/2024 03 Middle East/02/02-55 Pyramid Sunset.jpg"
"02","02-56 Pyramid Sunset.jpg","02-56 Pyramid Sunset.jpg","content/Images/2024 03 Middle East/02/02-56 Pyramid Sunset.jpg"
"02","02-57 Pyramid Sunset.jpg","02-57 Pyramid Sunset.jpg","content/Images/2024 03 Middle East/02/02-57 Pyramid Sunset.jpg"
"02","02-58 Dinner.jpg","02-58 Dinner.jpg","content/Images/2024 03 Middle East/02/02-58 Dinner.jpg"
"02","02-59 Pyramid Light Show.jpg","02-59 Pyramid Light Show.jpg","content/Images/2024 03 Middle East/02/02-59 Pyramid Light Show.jpg"
"02","02-60 Pyramids at night.jpg","02-60 Pyramids at night.jpg","content/Images/2024 03 Middle East/02/02-60 Pyramids at night.jpg"
"02","02-61 Pyramids at night.jpg","02-61 Pyramids at night.jpg","content/Images/2024 03 Middle East/02/02-61 Pyramids at night.jpg"
"03","03-0 Cairo Street.jpg","03-01 Cairo Street.jpg","content/Images/2024 03 Middle East/03/03-01 Cairo Street.jpg"
"03","03-1 Cairo Street.jpg","03-02 Cairo Street.jpg","content/Images/2024 03 Middle East/03/03-02 Cairo Street.jpg"
"03","03-2 Cairo Street.jpg","03-03 Cairo Street.jpg","content/Images/2024 03 Middle East/03/03-03 Cairo Street.jpg"
"03","03-3 Cairo Street.jpg","03-04 Cairo Street.jpg","content/Images/2024 03 Middle East/03/03-04 Cairo Street.jpg"
"03","03-4 Cairo Street.jpg","03-05 Cairo Street.jpg","content/Images/2024 03 Middle East/03/03-05 Cairo Street.jpg"
"03","03-5 Cairo Street.jpg","03-06 Cairo Street.jpg","content/Images/2024 03 Middle East/03/03-06 Cairo Street.jpg"
"03","03-6 Cairo Street.jpg","03-07 Cairo Street.jpg","content/Images/2024 03 Middle East/03/03-07 Cairo Street.jpg"
"03","03-7 Cairo Street.jpg","03-08 Cairo Street.jpg","content/Images/2024 03 Middle East/03/03-08 Cairo Street.jpg"
"03","03-8 Saladin Citadel.jpg","03-09 Saladin Citadel.jpg","content/Images/2024 03 Middle East/03/03-09 Saladin Citadel.jpg"
"03","03-9 Saladin Citadel.jpg","03-10 Saladin Citadel.jpg","content/Images/2024 03 Middle East/03/03-10 Saladin Citadel.jpg"
"03","03 Saladin Citadel.webp","03-11 Saladin Citadel.webp","content/Images/2024 03 Middle East/03/03-11 Saladin Citadel.webp"
"03","03-10 Saladin Citadel.jpg","03-12 Saladin Citadel.jpg","content/Images/2024 03 Middle East/03/03-12 Saladin Citadel.jpg"
"03","03-11 Saladin Citadel.jpg","03-13 Saladin Citadel.jpg","content/Images/2024 03 Middle East/03/03-13 Saladin Citadel.jpg"
"03","03-12 Saladin Citadel.jpg","03-14 Saladin Citadel.jpg","content/Images/2024 03 Middle East/03/03-14 Saladin Citadel.jpg"
"03","03-13 Saladin Citadel.jpg","03-15 Saladin Citadel.jpg","content/Images/2024 03 Middle East/03/03-15 Saladin Citadel.jpg"
"03","03-14 Saladin Citadel.jpg","03-16 Saladin Citadel.jpg","content/Images/2024 03 Middle East/03/03-16 Saladin Citadel.jpg"
"03","03-15 Saladin Citadel.jpg","03-17 Saladin Citadel.jpg","content/Images/2024 03 Middle East/03/03-17 Saladin Citadel.jpg"
"03","03-16 Saladin Citadel.jpg","03-18 Saladin Citadel.jpg","content/Images/2024 03 Middle East/03/03-18 Saladin Citadel.jpg"
"03","03-17 Saladin Citadel.jpg","03-19 Saladin Citadel.jpg","content/Images/2024 03 Middle East/03/03-19 Saladin Citadel.jpg"
"03","03-18 Saladin Citadel.jpg","03-20 Saladin Citadel.jpg","content/Images/2024 03 Middle East/03/03-20 Saladin Citadel.jpg"
"03","03-19 Saladin Citadel.jpg","03-21 Saladin Citadel.jpg","content/Images/2024 03 Middle East/03/03-21 Saladin Citadel.jpg"
"03","03-20 Saladin Citadel.jpg","03-22 Saladin Citadel.jpg","content/Images/2024 03 Middle East/03/03-22 Saladin Citadel.jpg"
"03","03-21 Saladin Citadel.jpg","03-23 Saladin Citadel.jpg","content/Images/2024 03 Middle East/03/03-23 Saladin Citadel.jpg"
"03","03-22.jpg","03-24.jpg","content/Images/2024 03 Middle East/03/03-24.jpg"
"03","03-23.jpg","03-25.jpg","content/Images/2024 03 Middle East/03/03-25.jpg"
"03","03-24.jpg","03-26.jpg","content/Images/2024 03 Middle East/03/03-26.jpg"
"03","03-25.jpg","03-27.jpg","content/Images/2024 03 Middle East/03/03-27.jpg"
"03","03-26.jpg","03-28.jpg","content/Images/2024 03 Middle East/03/03-28.jpg"
"03","03-27.jpg","03-29.jpg","content/Images/2024 03 Middle East/03/03-29.jpg"
"03","03-28.jpg","03-30.jpg","content/Images/2024 03 Middle East/03/03-30.jpg"
"03","03-29.jpg","03-31.jpg","content/Images/2024 03 Middle East/03/03-31.jpg"
"03","03-30.jpg","03-32.jpg","content/Images/2024 03 Middle East/03/03-32.jpg"
"03","03-31.jpg","03-33.jpg","content/Images/2024 03 Middle East/03/03-33.jpg"
"03","03-32.jpg","03-34.jpg","content/Images/2024 03 Middle East/03/03-34.jpg"
"03","03-33.jpg","03-35.jpg","content/Images/2024 03 Middle East/03/03-35.jpg"
"03","03-34.jpg","03-36.jpg","content/Images/2024 03 Middle East/03/03-36.jpg"
"03","03-35.jpg","03-37.jpg","content/Images/2024 03 Middle East/03/03-37.jpg"
"03","03-36.jpg","03-38.jpg","content/Images/2024 03 Middle East/03/03-38.jpg"
"03","03.png","03-39.png","content/Images/2024 03 Middle East/03/03-39.png"
"03","03-37.jpg","03-40.jpg","content/Images/2024 03 Middle East/03/03-40.jpg"
"03","03-38.jpg","03-41.jpg","content/Images/2024 03 Middle East/03/03-41.jpg"
"03","03-39.jpg","03-42.jpg","content/Images/2024 03 Middle East/03/03-42.jpg"
"03","03-40.jpg","03-43.jpg","content/Images/2024 03 Middle East/03/03-43.jpg"
"03","03-41.jpg","03-44.jpg","content/Images/2024 03 Middle East/03/03-44.jpg"
"03","03-42.jpg","03-45.jpg","content/Images/2024 03 Middle East/03/03-45.jpg"
"03","03-43.jpg","03-46.jpg","content/Images/2024 03 Middle East/03/03-46.jpg"
"03","03-44.jpg","03-47.jpg","content/Images/2024 03 Middle East/03/03-47.jpg"
"03","03-45.jpg","03-48.jpg","content/Images/2024 03 Middle East/03/03-48.jpg"
"03","03-46.jpg","03-49.jpg","content/Images/2024 03 Middle East/03/03-49.jpg"
"03","03-47.jpg","03-50.jpg","content/Images/2024 03 Middle East/03/03-50.jpg"
"03","03-48.jpg","03-51.jpg","content/Images/2024 03 Middle East/03/03-51.jpg"
"03","03-49.jpg","03-52.jpg","content/Images/2024 03 Middle East/03/03-52.jpg"
"03","03-50.jpg","03-53.jpg","content/Images/2024 03 Middle East/03/03-53.jpg"
"03","03-51.jpg","03-54.jpg","content/Images/2024 03 Middle East/03/03-54.jpg"
"03","03-52.jpg","03-55.jpg","content/Images/2024 03 Middle East/03/03-55.jpg"
"03","03-53.jpg","03-56.jpg","content/Images/2024 03 Middle East/03/03-56.jpg"
"03","03-54.jpg","03-57.jpg","content/Images/2024 03 Middle East/03/03-57.jpg"
"03","03-55.jpg","03-58.jpg","content/Images/2024 03 Middle East/03/03-58.jpg"
"03","03-56.jpg","03-59.jpg","content/Images/2024 03 Middle East/03/03-59.jpg"
"03","03-57.jpg","03-60.jpg","content/Images/2024 03 Middle East/03/03-60.jpg"
"03","03-58.jpg","03-61.jpg","content/Images/2024 03 Middle East/03/03-61.jpg"
"03","03-59.jpg","03-62.jpg","content/Images/2024 03 Middle East/03/03-62.jpg"
"03","03-60.jpg","03-63.jpg","content/Images/2024 03 Middle East/03/03-63.jpg"
"03","03-61.jpg","03-64.jpg","content/Images/2024 03 Middle East/03/03-64.jpg"
"03","03-62.jpg","03-65.jpg","content/Images/2024 03 Middle East/03/03-65.jpg"
"03","03-63.jpg","03-66.jpg","content/Images/2024 03 Middle East/03/03-66.jpg"
"03","03-64.jpg","03-67.jpg","content/Images/2024 03 Middle East/03/03-67.jpg"
"03","03-65.jpg","03-68.jpg","content/Images/2024 03 Middle East/03/03-68.jpg"
"03","03-66.jpg","03-69.jpg","content/Images/2024 03 Middle East/03/03-69.jpg"
"03","03-67.jpg","03-70.jpg","content/Images/2024 03 Middle East/03/03-70.jpg"
"03","03-68.jpg","03-71.jpg","content/Images/2024 03 Middle East/03/03-71.jpg"
"03","03-69.jpg","03-72.jpg","content/Images/2024 03 Middle East/03/03-72.jpg"
"03","03-70.jpg","03-73.jpg","content/Images/2024 03 Middle East/03/03-73.jpg"
"03","03-71.jpg","03-74.jpg","content/Images/2024 03 Middle East/03/03-74.jpg"
"03","03-72.jpg","03-75.jpg","content/Images/2024 03 Middle East/03/03-75.jpg"
"04","61313ba7a1493b46570a1556c7f6a097_MD5.jpg","04-001.jpg","content/Images/2024 03 Middle East/04/04-001.jpg"
"04","bc31c5b6d79fa955b1aafc6bec1d58af_MD5.jpg","04-002.jpg","content/Images/2024 03 Middle East/04/04-002.jpg"
"04","bd7bfb95e60a204150626924ff6a156d_MD5.jpg","04-003.jpg","content/Images/2024 03 Middle East/04/04-003.jpg"
"04","79078811da8b34d4e1bb52ac18b97a78_MD5.jpg","04-004.jpg","content/Images/2024 03 Middle East/04/04-004.jpg"
"04","0368b62fe7854466fa39077908392784_MD5.jpg","04-005.jpg","content/Images/2024 03 Middle East/04/04-005.jpg"
"04","b21121b4f5fe8f2fabe1be0284686e72_MD5.jpg","04-006.jpg","content/Images/2024 03 Middle East/04/04-006.jpg"
"04","675046c8f25601548a9e583a66df8ac3_MD5.jpg","04-007.jpg","content/Images/2024 03 Middle East/04/04-007.jpg"
"04","ce7482677e776a75311892703eb1d5d6_MD5.jpg","04-008.jpg","content/Images/2024 03 Middle East/04/04-008.jpg"
"04","4749a2a33c59e26b01e9ed3efe8400e0_MD5.jpg","04-009.jpg","content/Images/2024 03 Middle East/04/04-009.jpg"
"04","650f5da5ecdadef06d682229d96569c8_MD5.jpg","04-010.jpg","content/Images/2024 03 Middle East/04/04-010.jpg"
"04","243abdf8470fb624a7e6d7c62e14df94_MD5.jpg","04-011.jpg","content/Images/2024 03 Middle East/04/04-011.jpg"
"04","ecd574bc6faa1dc87b22ae23d19e9ebd_MD5.jpg","04-012.jpg","content/Images/2024 03 Middle East/04/04-012.jpg"
"04","0257d0220328a9ea23a54c8d412de881_MD5.jpg","04-013.jpg","content/Images/2024 03 Middle East/04/04-013.jpg"
"04","4ab6775f0ee5384bed5dee7dde53bd8f_MD5.jpg","04-014.jpg","content/Images/2024 03 Middle East/04/04-014.jpg"
"04","5789b43dcca451998bf8b0a79a4907f2_MD5.jpg","04-015.jpg","content/Images/2024 03 Middle East/04/04-015.jpg"
"04","4c80f7193e734ac58d5095506b206c87_MD5.jpg","04-016.jpg","content/Images/2024 03 Middle East/04/04-016.jpg"
"04","088842bfb6b3d5cd664818d3d397e4e8_MD5.jpg","04-017.jpg","content/Images/2024 03 Middle East/04/04-017.jpg"
"04","bc47a77c6e353ace333226af21b90a63_MD5.jpg","04-018.jpg","content/Images/2024 03 Middle East/04/04-018.jpg"
"04","b0287fac24a56025ffa79d2b2932c7ed_MD5.jpg","04-019.jpg","content/Images/2024 03 Middle East/04/04-019.jpg"
"04","5e752cde7c7168ba22b57d6e118ab067_MD5.jpg","04-020.jpg","content/Images/2024 03 Middle East/04/04-020.jpg"
"04","34884f7dd757ef28dc8527a69d9ba89e_MD5.jpg","04-021.jpg","content/Images/2024 03 Middle East/04/04-021.jpg"
"04","1bbbfa9df5ade90e3d64ba9075a9390e_MD5.jpg","04-022.jpg","content/Images/2024 03 Middle East/04/04-022.jpg"
"04","827d1c70125921aa944963c88750b9ad_MD5.jpg","04-023.jpg","content/Images/2024 03 Middle East/04/04-023.jpg"
"04","b5a921ddd2e2c34a769e58f032d44062_MD5.jpg","04-024.jpg","content/Images/2024 03 Middle East/04/04-024.jpg"
"04","b82f08c3601beeeee06f1b2471a145a7_MD5.jpg","04-025.jpg","content/Images/2024 03 Middle East/04/04-025.jpg"
"04","7e863346e403d32d494fc7134ff88bd5_MD5.jpg","04-026.jpg","content/Images/2024 03 Middle East/04/04-026.jpg"
"04","f6e93e44b283bc3567086ed684f2439b_MD5.jpg","04-027.jpg","content/Images/2024 03 Middle East/04/04-027.jpg"
"04","ae9924c6ec7523d50221d1925a2d5e77_MD5.jpg","04-028.jpg","content/Images/2024 03 Middle East/04/04-028.jpg"
"04","8a74afaa0b9e7acda066ab5629260b9d_MD5.jpg","04-029.jpg","content/Images/2024 03 Middle East/04/04-029.jpg"
"04","51874d08438873f64a362f092d2c8f9d_MD5.jpg","04-030.jpg","content/Images/2024 03 Middle East/04/04-030.jpg"
"04","aaa18dc5f3602d306305063af591936b_MD5.jpg","04-031.jpg","content/Images/2024 03 Middle East/04/04-031.jpg"
"04","fdb1c3c3cb109d162d28a266a465358d_MD5.jpg","04-032.jpg","content/Images/2024 03 Middle East/04/04-032.jpg"
"04","bf8bed9812e706b74bfa6343f5066632_MD5.jpg","04-033.jpg","content/Images/2024 03 Middle East/04/04-033.jpg"
"04","d5461cd1ea62b387c7bb9aa132e136c3_MD5.jpg","04-034.jpg","content/Images/2024 03 Middle East/04/04-034.jpg"
"04","e22d5d88873d40d8e8c3d5e39410ca6c_MD5.jpg","04-035.jpg","content/Images/2024 03 Middle East/04/04-035.jpg"
"04","aac13f26a59c2e7780b35ca99c4b835b_MD5.jpg","04-036.jpg","content/Images/2024 03 Middle East/04/04-036.jpg"
"04","555cdcb116296bd52d53633af967ea64_MD5.jpg","04-037.jpg","content/Images/2024 03 Middle East/04/04-037.jpg"
"04","9f6d5ba11b949c894d9876a01d4c43cc_MD5.jpg","04-038.jpg","content/Images/2024 03 Middle East/04/04-038.jpg"
"04","147c831b59133cf68b3b41a26698c3f9_MD5.jpg","04-039.jpg","content/Images/2024 03 Middle East/04/04-039.jpg"
"04","de55058a97e0793f872c87c78b73c602_MD5.jpg","04-040.jpg","content/Images/2024 03 Middle East/04/04-040.jpg"
"04","4c551446582719ff98ca298525a96017_MD5.jpg","04-041.jpg","content/Images/2024 03 Middle East/04/04-041.jpg"
"04","b0ec168ce8af03d0e526864d49e3b9f8_MD5.jpg","04-042.jpg","content/Images/2024 03 Middle East/04/04-042.jpg"
"04","352647f2299229346ce6182ff3fe4cc7_MD5.jpg","04-043.jpg","content/Images/2024 03 Middle East/04/04-043.jpg"
"04","a853ff866c48160b4b05c8952b384c88_MD5.jpg","04-044.jpg","content/Images/2024 03 Middle East/04/04-044.jpg"
"04","b054321c90633770a6165970cc3150cc_MD5.jpg","04-045.jpg","content/Images/2024 03 Middle East/04/04-045.jpg"
"04","b94b89eadc2759bb13cbf012a48b0e1d_MD5.jpg","04-046.jpg","content/Images/2024 03 Middle East/04/04-046.jpg"
"04","3ea5c079544ba194e4b1c255b5f5be63_MD5.jpg","04-047.jpg","content/Images/2024 03 Middle East/04/04-047.jpg"
"04","12e4e081219f1c9e462e112b105eb6e0_MD5.jpg","04-048.jpg","content/Images/2024 03 Middle East/04/04-048.jpg"
"04","5ddb42b51211a9a08ebab69ef9240ce1_MD5.jpg","04-049.jpg","content/Images/2024 03 Middle East/04/04-049.jpg"
"04","8772d8617a3474863f2c2e679a622581_MD5.jpg","04-050.jpg","content/Images/2024 03 Middle East/04/04-050.jpg"
"04","60660fb1d67ae8fae14511826f1e3daf_MD5.jpg","04-051.jpg","content/Images/2024 03 Middle East/04/04-051.jpg"
"04","0b0b2f68e02d84fc0b1b435839256753_MD5.jpg","04-052.jpg","content/Images/2024 03 Middle East/04/04-052.jpg"
"04","06a44dc12a7d287525423f4bf72b48ab_MD5.jpg","04-053.jpg","content/Images/2024 03 Middle East/04/04-053.jpg"
"04","1c12bd9614b0bc88221c79767c00e54c_MD5.jpg","04-054.jpg","content/Images/2024 03 Middle East/04/04-054.jpg"
"04","c552c605b83ab4f47d4542e80cc63e38_MD5.jpg","04-055.jpg","content/Images/2024 03 Middle East/04/04-055.jpg"
"04","e4872c718658e2b1e9c96c0dce4f9ad9_MD5.jpg","04-056.jpg","content/Images/2024 03 Middle East/04/04-056.jpg"
"04","0a2e1d474a8e206d23ee4eeff1763a47_MD5.jpg","04-057.jpg","content/Images/2024 03 Middle East/04/04-057.jpg"
"04","5457ec8dcbb89965c1710c61a72cd85d_MD5.jpg","04-058.jpg","content/Images/2024 03 Middle East/04/04-058.jpg"
"04","67c1b22752141212c0f3ba3c09196148_MD5.jpg","04-059.jpg","content/Images/2024 03 Middle East/04/04-059.jpg"
"04","e1d15e21058498a043bde93c6e29dbf7_MD5.jpg","04-060.jpg","content/Images/2024 03 Middle East/04/04-060.jpg"
"04","9eb3b9175637bc934e6840d4a22aea43_MD5.jpg","04-061.jpg","content/Images/2024 03 Middle East/04/04-061.jpg"
"04","534897719d73de9a95e754e4ff886ddb_MD5.jpg","04-062.jpg","content/Images/2024 03 Middle East/04/04-062.jpg"
"04","4adf4827e86c4b8f0e1240a9ff728dd8_MD5.jpg","04-063.jpg","content/Images/2024 03 Middle East/04/04-063.jpg"
"04","8af758fbce34589bde7cdc46ffe38b4b_MD5.jpg","04-064.jpg","content/Images/2024 03 Middle East/04/04-064.jpg"
"04","50937ce193c87a52324138d34b0883de_MD5.jpg","04-065.jpg","content/Images/2024 03 Middle East/04/04-065.jpg"
"05","397a0e6b7a1b8b9c21acde93702a96ed_MD5.jpg","05-001.jpg","content/Images/2024 03 Middle East/05/05-001.jpg"
"05","9cac3347488b64cac98833b76c4ad2f2_MD5.jpg","05-002.jpg","content/Images/2024 03 Middle East/05/05-002.jpg"
"05","e120fb5cd283e95638459d729e9a7393_MD5.jpg","05-003.jpg","content/Images/2024 03 Middle East/05/05-003.jpg"
"05","84a0bc07d60c738ed2f21ab20312f225_MD5.jpg","05-004.jpg","content/Images/2024 03 Middle East/05/05-004.jpg"
"05","1baa0d712224316abfd3a31bbedb39d2_MD5.jpg","05-005.jpg","content/Images/2024 03 Middle East/05/05-005.jpg"
"05","f43c458b03adade40cb2be8406eba0cd_MD5.jpg","05-006.jpg","content/Images/2024 03 Middle East/05/05-006.jpg"
"05","05332061394010833d7acc5201d43c44_MD5.jpg","05-007.jpg","content/Images/2024 03 Middle East/05/05-007.jpg"
"05","cc6728abe17b88c664783f2d4a2d28c7_MD5.jpg","05-008.jpg","content/Images/2024 03 Middle East/05/05-008.jpg"
"05","bbac732c5c05d453ba5ad5d9520b0851_MD5.jpg","05-009.jpg","content/Images/2024 03 Middle East/05/05-009.jpg"
"05","6bc035f9974c9bf85aa17e6e53f14fd3_MD5.jpg","05-010.jpg","content/Images/2024 03 Middle East/05/05-010.jpg"
"05","71829b0574504161e86bc252e39a1052_MD5.jpg","05-011.jpg","content/Images/2024 03 Middle East/05/05-011.jpg"
"05","65debb84900886b45912b746d85a2398_MD5.jpg","05-012.jpg","content/Images/2024 03 Middle East/05/05-012.jpg"
"05","01cf002c28923a4d41ac33180f6fe509_MD5.jpg","05-013.jpg","content/Images/2024 03 Middle East/05/05-013.jpg"
"05","c4e001686c9060872df5aa87be75c5c7_MD5.jpg","05-014.jpg","content/Images/2024 03 Middle East/05/05-014.jpg"
"05","158bce56a9a05f1423296a6d5b6d323c_MD5.jpg","05-015.jpg","content/Images/2024 03 Middle East/05/05-015.jpg"
"05","728d103c97a21eccb2977d152c27ccb1_MD5.jpg","05-016.jpg","content/Images/2024 03 Middle East/05/05-016.jpg"
"05","6dd7070cb10170727f829ecfa59655d5_MD5.jpg","05-017.jpg","content/Images/2024 03 Middle East/05/05-017.jpg"
"05","ca54aee0cdaca28a019d2aff4bae8c72_MD5.jpg","05-018.jpg","content/Images/2024 03 Middle East/05/05-018.jpg"
"05","efd6576a62e485affb48c08085826a47_MD5.jpg","05-019.jpg","content/Images/2024 03 Middle East/05/05-019.jpg"
"05","1dacf1ba6965c2ce584b1917693b2a17_MD5.jpg","05-020.jpg","content/Images/2024 03 Middle East/05/05-020.jpg"
"05","c04510fca251889b5a0557dc71d19839_MD5.jpg","05-021.jpg","content/Images/2024 03 Middle East/05/05-021.jpg"
"05","e6dd0965630f3469bdf3f77f82632089_MD5.jpg","05-022.jpg","content/Images/2024 03 Middle East/05/05-022.jpg"
"05","a1ffe34ef210e4683c0d1639b8f8ffac_MD5.jpg","05-023.jpg","content/Images/2024 03 Middle East/05/05-023.jpg"
"05","a64be08f9bb987c0b7a412af1cd3bd22_MD5.jpg","05-024.jpg","content/Images/2024 03 Middle East/05/05-024.jpg"
"05","b6c9a169843d5af5031a78bc61c734d8_MD5.jpg","05-025.jpg","content/Images/2024 03 Middle East/05/05-025.jpg"
"05","3c55ee09af28d8a79b2dfa744b0198e0_MD5.jpg","05-026.jpg","content/Images/2024 03 Middle East/05/05-026.jpg"
"05","b3b16800988d4afba4beb3f83fef35ee_MD5.jpg","05-027.jpg","content/Images/2024 03 Middle East/05/05-027.jpg"
"05","d926e1458ae3eb808eaf67232ff0dedb_MD5.jpg","05-028.jpg","content/Images/2024 03 Middle East/05/05-028.jpg"
"05","b28e9dc5d741d7ccdb62d0f7d25b79d7_MD5.jpg","05-029.jpg","content/Images/2024 03 Middle East/05/05-029.jpg"
"05","b1c20f6dd9ea6281b93b05a6c9c7ae6f_MD5.jpg","05-030.jpg","content/Images/2024 03 Middle East/05/05-030.jpg"
"05","a7242a99d18a6bff324934f7349493b3_MD5.jpg","05-031.jpg","content/Images/2024 03 Middle East/05/05-031.jpg"
"05","89f2f46739bb748df97e6e8178d68891_MD5.jpg","05-032.jpg","content/Images/2024 03 Middle East/05/05-032.jpg"
"05","355fe08759b113acd6a6148e7193bf40_MD5.jpg","05-033.jpg","content/Images/2024 03 Middle East/05/05-033.jpg"
"05","4a8dd2626fa9fd666498e93053d30b00_MD5.jpg","05-034.jpg","content/Images/2024 03 Middle East/05/05-034.jpg"
"05","c65e648e794948003acffe64a018907f_MD5.jpg","05-035.jpg","content/Images/2024 03 Middle East/05/05-035.jpg"
"05","bbb70b915020f1a9d7cbd516eb9b07de_MD5.jpg","05-036.jpg","content/Images/2024 03 Middle East/05/05-036.jpg"
"05","7720584e97d113dec36df4d670e1ecba_MD5.jpg","05-037.jpg","content/Images/2024 03 Middle East/05/05-037.jpg"
"05","b5aecdc98230d04c1ced8cea0d677bbd_MD5.jpg","05-038.jpg","content/Images/2024 03 Middle East/05/05-038.jpg"
"05","5ec1347d0b4a81c0c64cb86f93f7e57d_MD5.jpg","05-039.jpg","content/Images/2024 03 Middle East/05/05-039.jpg"
"05","b1a3fdbd061d21c05c145e594a53e8cc_MD5.jpg","05-040.jpg","content/Images/2024 03 Middle East/05/05-040.jpg"
"05","41c50e9c9df61172171ba5b326b3f529_MD5.jpg","05-041.jpg","content/Images/2024 03 Middle East/05/05-041.jpg"
"05","bd0cc986217caad4dae1a34d7d0ac0f1_MD5.jpg","05-042.jpg","content/Images/2024 03 Middle East/05/05-042.jpg"
"05","bc16580cce4e73491df572e6a29ade17_MD5.jpg","05-043.jpg","content/Images/2024 03 Middle East/05/05-043.jpg"
"05","3fdb37bce2d2902ab38667c97927d66f_MD5.jpg","05-044.jpg","content/Images/2024 03 Middle East/05/05-044.jpg"
"05","f2c8f5723791c796bb9184fd42e0a697_MD5.jpg","05-045.jpg","content/Images/2024 03 Middle East/05/05-045.jpg"
"05","8cc23002063db58fc1a026100a7510ff_MD5.jpg","05-046.jpg","content/Images/2024 03 Middle East/05/05-046.jpg"
"05","bd4b286941f922798774986cdd7f4673_MD5.jpg","05-047.jpg","content/Images/2024 03 Middle East/05/05-047.jpg"
"05","9f762f301ee1c28292cf5a4d65ee13c1_MD5.jpg","05-048.jpg","content/Images/2024 03 Middle East/05/05-048.jpg"
"05","5975001248c572a828efbcae82c38e3a_MD5.jpg","05-049.jpg","content/Images/2024 03 Middle East/05/05-049.jpg"
"05","5a89a193e80824ede6be073d47e45a79_MD5.jpg","05-050.jpg","content/Images/2024 03 Middle East/05/05-050.jpg"
"05","ca6e24464383f51530f9ccab05a95718_MD5.jpg","05-051.jpg","content/Images/2024 03 Middle East/05/05-051.jpg"
"05","e07f9460fe31dfd3437684143c09d11b_MD5.jpg","05-052.jpg","content/Images/2024 03 Middle East/05/05-052.jpg"
"05","fdf5e0763fee0796c57186c2a1816e17_MD5.jpg","05-053.jpg","content/Images/2024 03 Middle East/05/05-053.jpg"
"05","9553bd94688822dcb00a8a2fa152a476_MD5.jpg","05-054.jpg","content/Images/2024 03 Middle East/05/05-054.jpg"
"05","547a567f6faef972899721e9de1a0fcd_MD5.jpg","05-055.jpg","content/Images/2024 03 Middle East/05/05-055.jpg"
"06","bc64df3b4da8e56fd44689092278894e_MD5.jpg","06-001.jpg","content/Images/2024 03 Middle East/06/06-001.jpg"
"06","1ddd9738d5f32efe2c3ea7fc3d753d74_MD5.jpg","06-002.jpg","content/Images/2024 03 Middle East/06/06-002.jpg"
"06","e55142c496a09697d680aeb7193d60d3_MD5.jpg","06-003.jpg","content/Images/2024 03 Middle East/06/06-003.jpg"
"06","506d71f0a55b3defda30abdce6016aee_MD5.jpg","06-004.jpg","content/Images/2024 03 Middle East/06/06-004.jpg"
"06","3e618b0681684f66b0bd3d1357bdffe1_MD5.jpg","06-005.jpg","content/Images/2024 03 Middle East/06/06-005.jpg"
"06","fcd11d60cfbf64d112d0ab9a13f32d37_MD5.jpg","06-006.jpg","content/Images/2024 03 Middle East/06/06-006.jpg"
"06","3c17228e87e59d37ccac0dacef9e9c2d_MD5.jpg","06-007.jpg","content/Images/2024 03 Middle East/06/06-007.jpg"
"06","59b36939985a5c0a4dc963f1577dc4cc_MD5.jpg","06-008.jpg","content/Images/2024 03 Middle East/06/06-008.jpg"
"06","9daf6105a844d64359b4971e12e33b12_MD5.jpg","06-009.jpg","content/Images/2024 03 Middle East/06/06-009.jpg"
"06","2d8350bbec022758c74c48b82ab89a10_MD5.jpg","06-010.jpg","content/Images/2024 03 Middle East/06/06-010.jpg"
"06","4e7ff0ce3403ebc39c32495738e48cb6_MD5.jpg","06-011.jpg","content/Images/2024 03 Middle East/06/06-011.jpg"
"06","8e2271e247b9ab770983bd5c4dc52bbb_MD5.jpg","06-012.jpg","content/Images/2024 03 Middle East/06/06-012.jpg"
"06","bd3e08b4c267472e59890ed8b80590ec_MD5.jpg","06-013.jpg","content/Images/2024 03 Middle East/06/06-013.jpg"
"06","6c7f6ff9e5e64286385988bd346c748c_MD5.jpg","06-014.jpg","content/Images/2024 03 Middle East/06/06-014.jpg"
"06","2f0dac84c72f156cb518b85052f0ab6f_MD5.jpg","06-015.jpg","content/Images/2024 03 Middle East/06/06-015.jpg"
"06","0d7eb0308c16d6caa6582ce310c8ce8d_MD5.jpg","06-016.jpg","content/Images/2024 03 Middle East/06/06-016.jpg"
"06","d7a3d910a2a96fb0d244967abbc5ff24_MD5.jpg","06-017.jpg","content/Images/2024 03 Middle East/06/06-017.jpg"
"06","80f8f6fa79c62f0ebde13422cfe78790_MD5.jpg","06-018.jpg","content/Images/2024 03 Middle East/06/06-018.jpg"
"06","f588e99c1450554e1df6038bbbb44772_MD5.jpg","06-019.jpg","content/Images/2024 03 Middle East/06/06-019.jpg"
"06","482fa240c10022d58774cef95a9b6b8e_MD5.jpg","06-020.jpg","content/Images/2024 03 Middle East/06/06-020.jpg"
"06","24b43478f9debbd71ab50cadb090366e_MD5.jpg","06-021.jpg","content/Images/2024 03 Middle East/06/06-021.jpg"
"06","eabe472686c1f74c41143096c6cdfc5f_MD5.jpg","06-022.jpg","content/Images/2024 03 Middle East/06/06-022.jpg"
"06","45b59d3eb8ffaa010ea289489493263d_MD5.jpg","06-023.jpg","content/Images/2024 03 Middle East/06/06-023.jpg"
"06","cbafb52e4ee2836b76ca7b172252ab9a_MD5.jpg","06-024.jpg","content/Images/2024 03 Middle East/06/06-024.jpg"
"06","0a5ee885360441fe1db00372f3a476b7_MD5.jpg","06-025.jpg","content/Images/2024 03 Middle East/06/06-025.jpg"
"06","716d7cb703efaf9af4840598c5fc0ff2_MD5.jpg","06-026.jpg","content/Images/2024 03 Middle East/06/06-026.jpg"
"06","3d92c0b83b621626b9692a388edd5074_MD5.jpg","06-027.jpg","content/Images/2024 03 Middle East/06/06-027.jpg"
"06","ef8e47c7c8a8cbb75a2583f2a4d6c131_MD5.jpg","06-028.jpg","content/Images/2024 03 Middle East/06/06-028.jpg"
"06","eff78c844dd80d2ade68a7d29f9a672f_MD5.jpg","06-029.jpg","content/Images/2024 03 Middle East/06/06-029.jpg"
"06","f4669e22018bc71187c929103aaee847_MD5.jpg","06-030.jpg","content/Images/2024 03 Middle East/06/06-030.jpg"
"06","a9ff55ce2457db18d44a97e2ce117a9a_MD5.jpg","06-031.jpg","content/Images/2024 03 Middle East/06/06-031.jpg"
"06","4be075bedbcb1d2cd4a8cbc7e5879c01_MD5.jpg","06-032.jpg","content/Images/2024 03 Middle East/06/06-032.jpg"
"06","f03eea20ae13388745fe2e87b07ed23d_MD5.jpg","06-033.jpg","content/Images/2024 03 Middle East/06/06-033.jpg"
"06","7a957ef2eacca8256c854cfd6fa20228_MD5.jpg","06-034.jpg","content/Images/2024 03 Middle East/06/06-034.jpg"
"06","20a3b96995d3a30a561553eb2247807c_MD5.jpg","06-035.jpg","content/Images/2024 03 Middle East/06/06-035.jpg"
"06","f2f4bfe928327824faac5a4948f00cd9_MD5.jpg","06-036.jpg","content/Images/2024 03 Middle East/06/06-036.jpg"
"06","2ab893712717268bb5af7a16453162da_MD5.jpg","06-037.jpg","content/Images/2024 03 Middle East/06/06-037.jpg"
"06","742afbfd4403b23ab2ac6b72ae36fa97_MD5.jpg","06-038.jpg","content/Images/2024 03 Middle East/06/06-038.jpg"
"06","da88e5a8ddce6ee505d299e915337a1f_MD5.jpg","06-039.jpg","content/Images/2024 03 Middle East/06/06-039.jpg"
"06","1109eddfb238a90cd2bb667839443df4_MD5.jpg","06-040.jpg","content/Images/2024 03 Middle East/06/06-040.jpg"
"06","7844b2bb8d86fe5b72eb285b458ad068_MD5.jpg","06-041.jpg","content/Images/2024 03 Middle East/06/06-041.jpg"
"06","6c2ef5676edb4e34310f872bf18fe96f_MD5.jpg","06-042.jpg","content/Images/2024 03 Middle East/06/06-042.jpg"
"06","8a47651f54a3b0ccccc8102c8e535287_MD5.jpg","06-043.jpg","content/Images/2024 03 Middle East/06/06-043.jpg"
"06","94dacf1bf1e93c789ac4dcff6dd219d2_MD5.jpg","06-044.jpg","content/Images/2024 03 Middle East/06/06-044.jpg"
"06","2aa747c7f4fc99a98ca622f7c1fa0551_MD5.jpg","06-045.jpg","content/Images/2024 03 Middle East/06/06-045.jpg"
"06","f62e081266918fbd0ae29e9c3934067e_MD5.jpg","06-046.jpg","content/Images/2024 03 Middle East/06/06-046.jpg"
"06","c97f80062abb3d65145afc2e7867f0c7_MD5.jpg","06-047.jpg","content/Images/2024 03 Middle East/06/06-047.jpg"
"06","493e93e8069dfdc54b15d140d1d35d5e_MD5.jpg","06-048.jpg","content/Images/2024 03 Middle East/06/06-048.jpg"
"06","8b82ddfd38b3569966ec265269c55d69_MD5.jpg","06-049.jpg","content/Images/2024 03 Middle East/06/06-049.jpg"
"06","9f70d42fce50765e5edfb1e667a68911_MD5.jpg","06-050.jpg","content/Images/2024 03 Middle East/06/06-050.jpg"
"06","b85e7ab03270dd8b532aa9a9ee601cd0_MD5.jpg","06-051.jpg","content/Images/2024 03 Middle East/06/06-051.jpg"
"06","84d0e1f6420dfe697e97e6d2b13ccbdf_MD5.jpg","06-052.jpg","content/Images/2024 03 Middle East/06/06-052.jpg"
"06","16a6c8a8f06c5e566a0986556c0b4dc5_MD5.jpg","06-053.jpg","content/Images/2024 03 Middle East/06/06-053.jpg"
"06","5cf83da9e22af903fd39ab6343e064dd_MD5.jpg","06-054.jpg","content/Images/2024 03 Middle East/06/06-054.jpg"
"06","10cf9c86dbaa833571e4f6c2f1fb7cff_MD5.jpg","06-055.jpg","content/Images/2024 03 Middle East/06/06-055.jpg"
"06","166d3e96c205e38646c2297c7831a5c3_MD5.jpg","06-056.jpg","content/Images/2024 03 Middle East/06/06-056.jpg"
"06","1f9b2de582211229c9db523196488c3b_MD5.jpg","06-057.jpg","content/Images/2024 03 Middle East/06/06-057.jpg"
"06","1ce8cb9a9b21d6378091f493996d46f0_MD5.jpg","06-058.jpg","content/Images/2024 03 Middle East/06/06-058.jpg"
"06","0977e728952305aaa631bb640f20ae49_MD5.jpg","06-059.jpg","content/Images/2024 03 Middle East/06/06-059.jpg"
"06","05626786cf157dd1858289302242d7f6_MD5.jpg","06-060.jpg","content/Images/2024 03 Middle East/06/06-060.jpg"
"06","318be1aa4ad4879cde96e3518d33aed4_MD5.jpg","06-061.jpg","content/Images/2024 03 Middle East/06/06-061.jpg"
"06","f182ea852ca09ebdaf1733be87272f63_MD5.jpg","06-062.jpg","content/Images/2024 03 Middle East/06/06-062.jpg"
"06","e296da702949798ae9ceed1b808a8c2c_MD5.jpg","06-063.jpg","content/Images/2024 03 Middle East/06/06-063.jpg"
"06","44107667e2d2920b82f1effbcd268055_MD5.jpg","06-064.jpg","content/Images/2024 03 Middle East/06/06-064.jpg"
"06","d81d642b14b2119ddd3b05b7b2ba175a_MD5.jpg","06-065.jpg","content/Images/2024 03 Middle East/06/06-065.jpg"
"06","3865c0a53e30734c1d5e0d1eddfe1a8a_MD5.jpg","06-066.jpg","content/Images/2024 03 Middle East/06/06-066.jpg"
"06","1237f291e5e03f7fdf0b00fb8e554bf9_MD5.jpg","06-067.jpg","content/Images/2024 03 Middle East/06/06-067.jpg"
"06","11f54b61d6bdba64d5a1149ce3cda770_MD5.jpg","06-068.jpg","content/Images/2024 03 Middle East/06/06-068.jpg"
"06","55971c83b9b8979d62f410ba3e17577e_MD5.jpg","06-069.jpg","content/Images/2024 03 Middle East/06/06-069.jpg"
"06","3bec6546772105e634dd7ba4fbdee797_MD5.jpg","06-070.jpg","content/Images/2024 03 Middle East/06/06-070.jpg"
"06","287c295a04566733de645248e4feee7d_MD5.jpg","06-071.jpg","content/Images/2024 03 Middle East/06/06-071.jpg"
"06","1a521574e8e664401e1cfa5999436d3f_MD5.jpg","06-072.jpg","content/Images/2024 03 Middle East/06/06-072.jpg"
"06","85ddc42ce563a4bc3fe843332ff6479e_MD5.jpg","06-073.jpg","content/Images/2024 03 Middle East/06/06-073.jpg"
"06","585a0a5bd844312bbfdae9cd24a7b5c1_MD5.jpg","06-074.jpg","content/Images/2024 03 Middle East/06/06-074.jpg"
"06","7de711b60a84b9bc52c79945df4c402f_MD5.jpg","06-075.jpg","content/Images/2024 03 Middle East/06/06-075.jpg"
"06","7cf693f33560645264bdfd361b0150bd_MD5.jpg","06-076.jpg","content/Images/2024 03 Middle East/06/06-076.jpg"
"06","ee4a512cfab67c62c6023f5c6121de7e_MD5.jpg","06-077.jpg","content/Images/2024 03 Middle East/06/06-077.jpg"
"06","5d507dc6a9e82db1a6eaf1d0665abf60_MD5.jpg","06-078.jpg","content/Images/2024 03 Middle East/06/06-078.jpg"
"06","a0d3c47a6907d9c2a4f63a2a0fbec588_MD5.jpg","06-079.jpg","content/Images/2024 03 Middle East/06/06-079.jpg"
"06","81069344ff446a7cb9822006a6194633_MD5.jpg","06-080.jpg","content/Images/2024 03 Middle East/06/06-080.jpg"
"06","4a4053ba1f8ccd843d22b983bc625ecd_MD5.jpg","06-081.jpg","content/Images/2024 03 Middle East/06/06-081.jpg"
"06","ae55471a36f7d54b71345c8f10616e27_MD5.jpg","06-082.jpg","content/Images/2024 03 Middle East/06/06-082.jpg"
"06","b1090bff71b0673e7bfa160c29535f21_MD5.jpg","06-083.jpg","content/Images/2024 03 Middle East/06/06-083.jpg"
"06","873d0603f5cf1036052619536d6c8d64_MD5.jpg","06-084.jpg","content/Images/2024 03 Middle East/06/06-084.jpg"
"06","2a50d59d84b4db6b3bee43f88bd08125_MD5.jpg","06-085.jpg","content/Images/2024 03 Middle East/06/06-085.jpg"
"06","4acebc069c38ac7dba3ec998b2c34561_MD5.jpg","06-086.jpg","content/Images/2024 03 Middle East/06/06-086.jpg"
"06","b30ae8a160d96e28995761257cdec16e_MD5.jpg","06-087.jpg","content/Images/2024 03 Middle East/06/06-087.jpg"
"06","b2efbd84c6c2f5d8dd5c8cefa0528919_MD5.jpg","06-088.jpg","content/Images/2024 03 Middle East/06/06-088.jpg"
"06","a0fb7c80b6e8e4180771403b92fde8ae_MD5.jpg","06-089.jpg","content/Images/2024 03 Middle East/06/06-089.jpg"
"06","1bf5fca01f22cb22a71bc8ebec9c4d1a_MD5.jpg","06-090.jpg","content/Images/2024 03 Middle East/06/06-090.jpg"
"06","ea1232ce304b06bcf4fa697f21dc6102_MD5.jpg","06-091.jpg","content/Images/2024 03 Middle East/06/06-091.jpg"
"06","53af2cb3e2493031c97e5b8ec28b64d7_MD5.jpg","06-092.jpg","content/Images/2024 03 Middle East/06/06-092.jpg"
"06","3081d42cda95a91d1fa581727f25a073_MD5.jpg","06-093.jpg","content/Images/2024 03 Middle East/06/06-093.jpg"
"06","74576a2b6f8c2fc52786231df69d8b4a_MD5.jpg","06-094.jpg","content/Images/2024 03 Middle East/06/06-094.jpg"
"07","9c04d59ed2c9d60e953aca957c2e3e0e_MD5.jpg","07-001.jpg","content/Images/2024 03 Middle East/07/07-001.jpg"
"07","ebc24e897855d3e2ecbccfa0c804bb91_MD5.jpg","07-002.jpg","content/Images/2024 03 Middle East/07/07-002.jpg"
"07","8c0b4e7a3c36e8b827786e268c2e2f2d_MD5.jpg","07-003.jpg","content/Images/2024 03 Middle East/07/07-003.jpg"
"07","b50c25c307844f5f73cec58ca3543505_MD5.jpg","07-004.jpg","content/Images/2024 03 Middle East/07/07-004.jpg"
"07","9799e46fb6002164dc74aa3ce79d8d58_MD5.jpg","07-005.jpg","content/Images/2024 03 Middle East/07/07-005.jpg"
"07","8672a13cf04ae68a6fb9d6ec08692d21_MD5.jpg","07-006.jpg","content/Images/2024 03 Middle East/07/07-006.jpg"
"07","3ce284c955b401090a89c56566bcf7d8_MD5.jpg","07-007.jpg","content/Images/2024 03 Middle East/07/07-007.jpg"
"07","373b57af723c59a3c001083f5ee776c8_MD5.jpg","07-008.jpg","content/Images/2024 03 Middle East/07/07-008.jpg"
"07","51a8f1ae8a62db155b5a463170fac7c5_MD5.jpg","07-009.jpg","content/Images/2024 03 Middle East/07/07-009.jpg"
"07","c97eb0ac9b383aa726cf4afcdbcdf826_MD5.jpg","07-010.jpg","content/Images/2024 03 Middle East/07/07-010.jpg"
"07","2ed474cdf98e8c2c65fd43b1cc191520_MD5.jpg","07-011.jpg","content/Images/2024 03 Middle East/07/07-011.jpg"
"07","4592fdc3296dc5ef9ba288023481c813_MD5.jpg","07-012.jpg","content/Images/2024 03 Middle East/07/07-012.jpg"
"07","e6340fc5c0b547f5235a6fd107b1f174_MD5.jpg","07-013.jpg","content/Images/2024 03 Middle East/07/07-013.jpg"
"07","af1df8d6245c3df5a7b0fce865222356_MD5.jpg","07-014.jpg","content/Images/2024 03 Middle East/07/07-014.jpg"
"07","14a332cf199a098532fc46e3ed3c40b0_MD5.jpg","07-015.jpg","content/Images/2024 03 Middle East/07/07-015.jpg"
"07","d0ad496f07878e251009e7b0b948ffe0_MD5.jpg","07-016.jpg","content/Images/2024 03 Middle East/07/07-016.jpg"
"07","a3b0092e103fc931f6cff4c3b37efc3b_MD5.jpg","07-017.jpg","content/Images/2024 03 Middle East/07/07-017.jpg"
"07","cb6d07148fcf63ac94087735ee0b497e_MD5.jpg","07-018.jpg","content/Images/2024 03 Middle East/07/07-018.jpg"
"07","f1b461f16f5052bb84d3f81cb790fc6a_MD5.jpg","07-019.jpg","content/Images/2024 03 Middle East/07/07-019.jpg"
"07","b7d8e6bd45ed4678de2eb4ed0c772b85_MD5.jpg","07-020.jpg","content/Images/2024 03 Middle East/07/07-020.jpg"
"07","acb0dbeb4abc6477e7e9138bc0c4483e_MD5.jpg","07-021.jpg","content/Images/2024 03 Middle East/07/07-021.jpg"
"07","0c954c6092a0ee2dae32430a52d17cfe_MD5.jpg","07-022.jpg","content/Images/2024 03 Middle East/07/07-022.jpg"
"07","1906105ea7fa6a06d6acf25bbcbe0e09_MD5.jpg","07-023.jpg","content/Images/2024 03 Middle East/07/07-023.jpg"
"07","27a5f5513ef4a3bad7bb60547c278269_MD5.jpg","07-024.jpg","content/Images/2024 03 Middle East/07/07-024.jpg"
"07","070086dfc8a8497768813c9829b35ad9_MD5.jpg","07-025.jpg","content/Images/2024 03 Middle East/07/07-025.jpg"
"07","ce83ae2441149ad6b70e465abdd085d9_MD5.jpg","07-026.jpg","content/Images/2024 03 Middle East/07/07-026.jpg"
"07","624ee6e9804a611354a3529bc42f8322_MD5.jpg","07-027.jpg","content/Images/2024 03 Middle East/07/07-027.jpg"
"07","027f3eb2eb16c71f703bc5c82397d447_MD5.jpg","07-028.jpg","content/Images/2024 03 Middle East/07/07-028.jpg"
"07","eb5514ddd67e9bb8677ebe5123745442_MD5.jpg","07-029.jpg","content/Images/2024 03 Middle East/07/07-029.jpg"
"07","858f23ef7955fd4f25c92700698e4724_MD5.jpg","07-030.jpg","content/Images/2024 03 Middle East/07/07-030.jpg"
"07","a0cf41b093aea1918bcac3f0ffc38bfa_MD5.jpg","07-031.jpg","content/Images/2024 03 Middle East/07/07-031.jpg"
"07","b5d512732fd67602aecbe0eee786a764_MD5.jpg","07-032.jpg","content/Images/2024 03 Middle East/07/07-032.jpg"
"07","cddae6516f3fd7079f554e05d0d7053d_MD5.jpg","07-033.jpg","content/Images/2024 03 Middle East/07/07-033.jpg"
"07","c4598e257874c3caccb31ca2f7007e72_MD5.jpg","07-034.jpg","content/Images/2024 03 Middle East/07/07-034.jpg"
"07","dada16fbbe16582d0fb1925945367ee3_MD5.jpg","07-035.jpg","content/Images/2024 03 Middle East/07/07-035.jpg"
"07","b1b758d584c66dff0ee3f84a090f60f8_MD5.jpg","07-036.jpg","content/Images/2024 03 Middle East/07/07-036.jpg"
"07","d41afa9403bdb86582adb4dd065670f2_MD5.jpg","07-037.jpg","content/Images/2024 03 Middle East/07/07-037.jpg"
"07","e267b2bfa1d602202bda359c6f35e868_MD5.jpg","07-038.jpg","content/Images/2024 03 Middle East/07/07-038.jpg"
"07","fa2dee1044abd4d05f3af960e3e7b440_MD5.jpg","07-039.jpg","content/Images/2024 03 Middle East/07/07-039.jpg"
"07","38cb93716f789b4f47d999aaa4232989_MD5.jpg","07-040.jpg","content/Images/2024 03 Middle East/07/07-040.jpg"
"07","59ded8d756620ee067fdb931842d71d2_MD5.jpg","07-041.jpg","content/Images/2024 03 Middle East/07/07-041.jpg"
"07","7d0af40345b60fa12eda52259f6a9843_MD5.jpg","07-042.jpg","content/Images/2024 03 Middle East/07/07-042.jpg"
"07","fbb1f4cdc49e23fee1d39324fbf5e84f_MD5.jpg","07-043.jpg","content/Images/2024 03 Middle East/07/07-043.jpg"
"07","8317b2f79e86d8f6b55b29b0bf387308_MD5.jpg","07-044.jpg","content/Images/2024 03 Middle East/07/07-044.jpg"
"07","b8130d6ff8daa55633e3cae33fd0242b_MD5.jpg","07-045.jpg","content/Images/2024 03 Middle East/07/07-045.jpg"
"07","aa31dd61c23a518603e88a9a7af99609_MD5.jpg","07-046.jpg","content/Images/2024 03 Middle East/07/07-046.jpg"
"07","da7f6bb239f35d7929307dbba553b94f_MD5.jpg","07-047.jpg","content/Images/2024 03 Middle East/07/07-047.jpg"
"07","4becc7c3470dbdd030a65f880551cde2_MD5.jpg","07-048.jpg","content/Images/2024 03 Middle East/07/07-048.jpg"
"07","af7b59d4fa077c18d447d3b9182bdee0_MD5.jpg","07-049.jpg","content/Images/2024 03 Middle East/07/07-049.jpg"
"07","a9a5c42a48fdfcdaa59102ff69192a13_MD5.jpg","07-050.jpg","content/Images/2024 03 Middle East/07/07-050.jpg"
"07","e1ad478a4042684f09361f086bf18fc4_MD5.jpg","07-051.jpg","content/Images/2024 03 Middle East/07/07-051.jpg"
"07","73c3ab1080d332e570b941d4e2f880df_MD5.jpg","07-052.jpg","content/Images/2024 03 Middle East/07/07-052.jpg"
"07","6bce254724026ca11a81b98ce5f875a6_MD5.jpg","07-053.jpg","content/Images/2024 03 Middle East/07/07-053.jpg"
"07","0421895d0d34389165212f980f25dd77_MD5.jpg","07-054.jpg","content/Images/2024 03 Middle East/07/07-054.jpg"
"07","56943648a27cea8ba1b83181ce796a7f_MD5.jpg","07-055.jpg","content/Images/2024 03 Middle East/07/07-055.jpg"
"07","01a2c7ccb7599d0b7ba09eb2e3dfcb08_MD5.jpg","07-056.jpg","content/Images/2024 03 Middle East/07/07-056.jpg"
"07","70e45cf139a0607a2f3db7d386781d39_MD5.jpg","07-057.jpg","content/Images/2024 03 Middle East/07/07-057.jpg"
"07","81093296b875906e91bc95656a926496_MD5.jpg","07-058.jpg","content/Images/2024 03 Middle East/07/07-058.jpg"
"07","e5c6b577683d1e93682ca3450ff211f6_MD5.jpg","07-059.jpg","content/Images/2024 03 Middle East/07/07-059.jpg"
"07","309e0746a7431e517524ee8674e13c69_MD5.jpg","07-060.jpg","content/Images/2024 03 Middle East/07/07-060.jpg"
"07","0544d1d2b60f09dde54d0c3b3020db9d_MD5.jpg","07-061.jpg","content/Images/2024 03 Middle East/07/07-061.jpg"
"07","00f34f30d122acfc617ee1dbcff65728_MD5.jpg","07-062.jpg","content/Images/2024 03 Middle East/07/07-062.jpg"
"07","82b3ca7bcb489872151cc35527d3725c_MD5.jpg","07-063.jpg","content/Images/2024 03 Middle East/07/07-063.jpg"
"07","521d989826475bef9f7778e592ed779a_MD5.jpg","07-064.jpg","content/Images/2024 03 Middle East/07/07-064.jpg"
"07","e227f60bfdabf32b1c027e19f5dae304_MD5.jpg","07-065.jpg","content/Images/2024 03 Middle East/07/07-065.jpg"
"07","b987c3bef9422a76f64c67245bfc9d7e_MD5.jpg","07-066.jpg","content/Images/2024 03 Middle East/07/07-066.jpg"
"07","27b80f8bba8ae56f62fc2ac7f00364ee_MD5.jpg","07-067.jpg","content/Images/2024 03 Middle East/07/07-067.jpg"
"07","74435b2ef21a550d3f3b54c437412436_MD5.jpg","07-068.jpg","content/Images/2024 03 Middle East/07/07-068.jpg"
"07","b604c6e374a8128b9f86da58be2052bf_MD5.jpg","07-069.jpg","content/Images/2024 03 Middle East/07/07-069.jpg"
"07","64720a7cc657b6f7f52e468a8317a6e3_MD5.jpg","07-070.jpg","content/Images/2024 03 Middle East/07/07-070.jpg"
"07","c91699cbf5871b46fd354ea4cd0f9360_MD5.jpg","07-071.jpg","content/Images/2024 03 Middle East/07/07-071.jpg"
"07","f78a8ac5a3a512abb0924b3a24bdc656_MD5.jpg","07-072.jpg","content/Images/2024 03 Middle East/07/07-072.jpg"
"07","15b8ddda23e2b79fb7e25f3edad9139d_MD5.jpg","07-073.jpg","content/Images/2024 03 Middle East/07/07-073.jpg"
"07","9837a9c446e1db4656918c5c46493058_MD5.jpg","07-074.jpg","content/Images/2024 03 Middle East/07/07-074.jpg"
"07","0ff7886e46b879580098fb39281fbeae_MD5.jpg","07-075.jpg","content/Images/2024 03 Middle East/07/07-075.jpg"
"07","6f15ea548d03d9bf4b9307fd29e7606f_MD5.jpg","07-076.jpg","content/Images/2024 03 Middle East/07/07-076.jpg"
"07","dbe82911e34ea62103960fc22bb2d770_MD5.jpg","07-077.jpg","content/Images/2024 03 Middle East/07/07-077.jpg"
"07","129d43c471db92609de9a9f5f408b691_MD5.jpg","07-078.jpg","content/Images/2024 03 Middle East/07/07-078.jpg"
"07","f20072e24f45f5d0790bd476d4f4d098_MD5.jpg","07-079.jpg","content/Images/2024 03 Middle East/07/07-079.jpg"
"07","5f79f63f30c44d7252e6dc8bfbef68cb_MD5.jpg","07-080.jpg","content/Images/2024 03 Middle East/07/07-080.jpg"
"07","d51c7f9173df0701ccd172454743578b_MD5.jpg","07-081.jpg","content/Images/2024 03 Middle East/07/07-081.jpg"
"07","3746ffe1043e5f2cfeeb1113561ca990_MD5.jpg","07-082.jpg","content/Images/2024 03 Middle East/07/07-082.jpg"
"07","da76aec8e00d513049adb0558efa9716_MD5.jpg","07-083.jpg","content/Images/2024 03 Middle East/07/07-083.jpg"
"07","d9057b4df5862969549b380139ac9c8c_MD5.jpg","07-084.jpg","content/Images/2024 03 Middle East/07/07-084.jpg"
"07","a56775bae50f7a9530110addac6f859f_MD5.jpg","07-085.jpg","content/Images/2024 03 Middle East/07/07-085.jpg"
"07","4d4ca40e7be1ba6bb4540c164fa28567_MD5.jpg","07-086.jpg","content/Images/2024 03 Middle East/07/07-086.jpg"
"07","bf1bdd4fd2fa476eaa497e0747b7dd17_MD5.jpg","07-087.jpg","content/Images/2024 03 Middle East/07/07-087.jpg"
"08","8a39cc3d8e63c960b4dd65a0a3951888_MD5.jpg","08-001.jpg","content/Images/2024 03 Middle East/08/08-001.jpg"
"08","f004834042a1c8ac293f227fd061a261_MD5.jpg","08-002.jpg","content/Images/2024 03 Middle East/08/08-002.jpg"
"08","9e3af445a729f1e6359de7c528996a1a_MD5.jpg","08-003.jpg","content/Images/2024 03 Middle East/08/08-003.jpg"
"08","266aee047a8ab2e7ee5a694efe56149f_MD5.jpg","08-004.jpg","content/Images/2024 03 Middle East/08/08-004.jpg"
"08","b54691aa049f66efdd8de824b44029b1_MD5.jpg","08-005.jpg","content/Images/2024 03 Middle East/08/08-005.jpg"
"08","5a0a09c56fd9751698ef65e764d2cf85_MD5.jpg","08-006.jpg","content/Images/2024 03 Middle East/08/08-006.jpg"
"08","b552b9359e195f32354ca6b6cf461e8d_MD5.jpg","08-007.jpg","content/Images/2024 03 Middle East/08/08-007.jpg"
"08","12f2bf02af952de5bf319272419eed59_MD5.jpg","08-008.jpg","content/Images/2024 03 Middle East/08/08-008.jpg"
"08","8f535c3ca70eb5ee2c251b6ff8be163f_MD5.jpg","08-009.jpg","content/Images/2024 03 Middle East/08/08-009.jpg"
"08","b8354f16bcaa605e75786c557b80f44a_MD5.jpg","08-010.jpg","content/Images/2024 03 Middle East/08/08-010.jpg"
"08","e91dabcbfcf92fe8c4b2e0be7b894dff_MD5.jpg","08-011.jpg","content/Images/2024 03 Middle East/08/08-011.jpg"
"08","bf0ebec6b81201dd1342bf3e676fb2ae_MD5.jpg","08-012.jpg","content/Images/2024 03 Middle East/08/08-012.jpg"
"08","7cf3997895125c1a516aaaad2cc3e9fc_MD5.jpg","08-013.jpg","content/Images/2024 03 Middle East/08/08-013.jpg"
"08","c76697213f9f6197d5227a5a4a67db6e_MD5.jpg","08-014.jpg","content/Images/2024 03 Middle East/08/08-014.jpg"
"08","9e6274ee2eb30b001db88105425e0d07_MD5.jpg","08-015.jpg","content/Images/2024 03 Middle East/08/08-015.jpg"
"08","df5c4d7c7db45aa5f915f6bb1823bbdd_MD5.jpg","08-016.jpg","content/Images/2024 03 Middle East/08/08-016.jpg"
"08","06ce790a6fdd49437b44897f2a010e2b_MD5.jpg","08-017.jpg","content/Images/2024 03 Middle East/08/08-017.jpg"
"08","49a3a5aab00815007acdb06dc76b9cdd_MD5.jpg","08-018.jpg","content/Images/2024 03 Middle East/08/08-018.jpg"
"08","1e8b16f1b6e0bbde666f31db3fb573bf_MD5.jpg","08-019.jpg","content/Images/2024 03 Middle East/08/08-019.jpg"
"08","c76b6b66d99354d2b3b6e3a7045d55c9_MD5.jpg","08-020.jpg","content/Images/2024 03 Middle East/08/08-020.jpg"
"08","8235f19f8c8864515949f08358f15e1f_MD5.jpg","08-021.jpg","content/Images/2024 03 Middle East/08/08-021.jpg"
"08","62bc4aeb590fd8756728f712f10c3b41_MD5.jpg","08-022.jpg","content/Images/2024 03 Middle East/08/08-022.jpg"
"08","fede08c96f165fd335155b16fcebaffd_MD5.jpg","08-023.jpg","content/Images/2024 03 Middle East/08/08-023.jpg"
"08","154bce86fa7f8e859a950a9297006915_MD5.jpg","08-024.jpg","content/Images/2024 03 Middle East/08/08-024.jpg"
"08","407097a836e8ab2916913ab08a8c1070_MD5.jpg","08-025.jpg","content/Images/2024 03 Middle East/08/08-025.jpg"
"08","38cc2f658fa0070a5e4b78b9ec95c45f_MD5.jpg","08-026.jpg","content/Images/2024 03 Middle East/08/08-026.jpg"
"08","7d0f0f16c459c1a9b0a433ae073bf79f_MD5.jpg","08-027.jpg","content/Images/2024 03 Middle East/08/08-027.jpg"
"08","e3268b6db11c0df4a7d5f00a60b30bf1_MD5.jpg","08-028.jpg","content/Images/2024 03 Middle East/08/08-028.jpg"
"08","3d753c8fbbbc7ba09edfa529911d9ba1_MD5.jpg","08-029.jpg","content/Images/2024 03 Middle East/08/08-029.jpg"
"08","547ebe94415a7e4b41d3683d391002fa_MD5.jpg","08-030.jpg","content/Images/2024 03 Middle East/08/08-030.jpg"
"08","d65c957613f5e57a2a904cec81cecc6d_MD5.jpg","08-031.jpg","content/Images/2024 03 Middle East/08/08-031.jpg"
"08","deba0a4883c312d47ca9b0720fb4586d_MD5.jpg","08-032.jpg","content/Images/2024 03 Middle East/08/08-032.jpg"
"08","316b74bbdc710ba157abbe8559cc14df_MD5.jpg","08-033.jpg","content/Images/2024 03 Middle East/08/08-033.jpg"
"08","b0cec858c9716d9eb71c199aa5d528a0_MD5.jpg","08-034.jpg","content/Images/2024 03 Middle East/08/08-034.jpg"
"08","44e3d9bf0ed0ccee729cbf876b747617_MD5.jpg","08-035.jpg","content/Images/2024 03 Middle East/08/08-035.jpg"
"08","287657e3007a7d0675b9aa768dd95d26_MD5.jpg","08-036.jpg","content/Images/2024 03 Middle East/08/08-036.jpg"
"08","d4e89df26415bd627dc261e7c9104e0b_MD5.jpg","08-037.jpg","content/Images/2024 03 Middle East/08/08-037.jpg"
"08","4b3bd361f4ecd6499e41a64cae956841_MD5.jpg","08-038.jpg","content/Images/2024 03 Middle East/08/08-038.jpg"
"08","1abf472ea9549962203422a03e88d3af_MD5.jpg","08-039.jpg","content/Images/2024 03 Middle East/08/08-039.jpg"
"08","e434bd8a36bb553393fcdfd8a900caa9_MD5.jpg","08-040.jpg","content/Images/2024 03 Middle East/08/08-040.jpg"
"08","41fe6be6bfcc1e1fc8ebff1c5db50974_MD5.jpg","08-041.jpg","content/Images/2024 03 Middle East/08/08-041.jpg"
"08","ef7931dd4c355cb79db12da2029dbec7_MD5.jpg","08-042.jpg","content/Images/2024 03 Middle East/08/08-042.jpg"
"08","4427a313a233d6a6648dd0d7928879b5_MD5.jpg","08-043.jpg","content/Images/2024 03 Middle East/08/08-043.jpg"
"08","1aaf52c7d773f7174965c39e298b0288_MD5.jpg","08-044.jpg","content/Images/2024 03 Middle East/08/08-044.jpg"
"08","eea6987fa229c11572a61e6269563cc5_MD5.jpg","08-045.jpg","content/Images/2024 03 Middle East/08/08-045.jpg"
"08","c5ac687e6eb863cff8d4d4235bc1ec93_MD5.jpg","08-046.jpg","content/Images/2024 03 Middle East/08/08-046.jpg"
"08","092a3ec9f60e44770cce1728dca21291_MD5.jpg","08-047.jpg","content/Images/2024 03 Middle East/08/08-047.jpg"
"08","56d43f05f18b99956a12fd75b7991291_MD5.jpg","08-048.jpg","content/Images/2024 03 Middle East/08/08-048.jpg"
"08","9f1908e938fe3a5a6c7b67b69d29da14_MD5.jpg","08-049.jpg","content/Images/2024 03 Middle East/08/08-049.jpg"
"08","05f9ff06901a9f0774d3180b148bfc0b_MD5.jpg","08-050.jpg","content/Images/2024 03 Middle East/08/08-050.jpg"
"08","5aff04918907f21b44a8ceaa736f79c3_MD5.jpg","08-051.jpg","content/Images/2024 03 Middle East/08/08-051.jpg"
"08","322de25defdb0e7bbcaae9dc4dde3340_MD5.jpg","08-052.jpg","content/Images/2024 03 Middle East/08/08-052.jpg"
"08","0186a11bf90137296d068c768d36cd71_MD5.jpg","08-053.jpg","content/Images/2024 03 Middle East/08/08-053.jpg"
"08","e4a6627ebb40c1b94f2833022643e067_MD5.jpg","08-054.jpg","content/Images/2024 03 Middle East/08/08-054.jpg"
"08","1923bb7bab9b406d25ad8e5f22af093a_MD5.jpg","08-055.jpg","content/Images/2024 03 Middle East/08/08-055.jpg"
"09","521ab4d2b19bcfd38e890164918806f5_MD5.jpg","09-001.jpg","content/Images/2024 03 Middle East/09/09-001.jpg"
"09","826b1a0076a12552a599f93c2637f0c8_MD5.jpg","09-002.jpg","content/Images/2024 03 Middle East/09/09-002.jpg"
"09","248281543961745a5474f4a5fe8a5cc6_MD5.jpg","09-003.jpg","content/Images/2024 03 Middle East/09/09-003.jpg"
"09","7e1f566d972581aeccbe5fab82c43ce9_MD5.jpg","09-004.jpg","content/Images/2024 03 Middle East/09/09-004.jpg"
"09","836284342199718867b67a3609ecd9d2_MD5.jpg","09-005.jpg","content/Images/2024 03 Middle East/09/09-005.jpg"
"09","c49c0672f0b1fee67822f55a2b4802c7_MD5.jpg","09-006.jpg","content/Images/2024 03 Middle East/09/09-006.jpg"
"09","669bbcb55590f5050603a2b6321a50f2_MD5.jpg","09-007.jpg","content/Images/2024 03 Middle East/09/09-007.jpg"
"09","761a75248399d783adc299eca7fae58f_MD5.jpg","09-008.jpg","content/Images/2024 03 Middle East/09/09-008.jpg"
"09","0f3b8d1afd6cdadb608b002aad741824_MD5.jpg","09-009.jpg","content/Images/2024 03 Middle East/09/09-009.jpg"
"09","7bc184e37f646b2324291208e504f32b_MD5.jpg","09-010.jpg","content/Images/2024 03 Middle East/09/09-010.jpg"
"09","871619a8368ee35bcc5c95591ceb6e20_MD5.jpg","09-011.jpg","content/Images/2024 03 Middle East/09/09-011.jpg"
"09","022916871f925533897596a66736a1d9_MD5.jpg","09-012.jpg","content/Images/2024 03 Middle East/09/09-012.jpg"
"09","30e62febf7783ba4d7ab3b304799c8f2_MD5.jpg","09-013.jpg","content/Images/2024 03 Middle East/09/09-013.jpg"
"09","502d0482d20749dcfcef7cd74f9613bc_MD5.jpg","09-014.jpg","content/Images/2024 03 Middle East/09/09-014.jpg"
"09","443bf2bc50e8b00d3daaca4ac1c0b547_MD5.jpg","09-015.jpg","content/Images/2024 03 Middle East/09/09-015.jpg"
"09","e3d1ed7c8b65778e15cffbf02330f0f6_MD5.jpg","09-016.jpg","content/Images/2024 03 Middle East/09/09-016.jpg"
"09","bed0f6f8971b8981422997e9ca9f5c05_MD5.jpg","09-017.jpg","content/Images/2024 03 Middle East/09/09-017.jpg"
"09","ce66e00be5aa36a2a196f6aaf1199247_MD5.jpg","09-018.jpg","content/Images/2024 03 Middle East/09/09-018.jpg"
"09","547c38ab96f13d9c5ee27c77022b32ef_MD5.jpg","09-019.jpg","content/Images/2024 03 Middle East/09/09-019.jpg"
"09","b11eeb9037fd86cd3fdabd3148363417_MD5.jpg","09-020.jpg","content/Images/2024 03 Middle East/09/09-020.jpg"
"09","70ea803e2e3d06a2ccead4c21af14bf0_MD5.jpg","09-021.jpg","content/Images/2024 03 Middle East/09/09-021.jpg"
"09","af65337652d3bae11d6fbafb3f5ab3ca_MD5.jpg","09-022.jpg","content/Images/2024 03 Middle East/09/09-022.jpg"
"09","e78fe1324f36d956d4f733694c5c016b_MD5.jpg","09-023.jpg","content/Images/2024 03 Middle East/09/09-023.jpg"
"09","d07e95b549504bc9670bf02c297b5b6e_MD5.jpg","09-024.jpg","content/Images/2024 03 Middle East/09/09-024.jpg"
"09","40fc3b24767d70da65915a57afa754bc_MD5.jpg","09-025.jpg","content/Images/2024 03 Middle East/09/09-025.jpg"
"09","274691f91d54b83a7041c4c82770ebbc_MD5.jpg","09-026.jpg","content/Images/2024 03 Middle East/09/09-026.jpg"
"09","d78727b88235780322f53dd6d11a9033_MD5.jpg","09-027.jpg","content/Images/2024 03 Middle East/09/09-027.jpg"
"09","a194491a062eea10aed4f61932125218_MD5.jpg","09-028.jpg","content/Images/2024 03 Middle East/09/09-028.jpg"
"09","c977e1a412406e480f7c349aeef1a331_MD5.jpg","09-029.jpg","content/Images/2024 03 Middle East/09/09-029.jpg"
"09","6f233786e17af5e2c6d46b4d43254d73_MD5.jpg","09-030.jpg","content/Images/2024 03 Middle East/09/09-030.jpg"
"09","f2cf7015e51e955820eabb0ce4671a6b_MD5.jpg","09-031.jpg","content/Images/2024 03 Middle East/09/09-031.jpg"
"09","9c7e0d00e1a25c3756843367112f4f81_MD5.jpg","09-032.jpg","content/Images/2024 03 Middle East/09/09-032.jpg"
"09","03a9f101106223d7600520fab78f6f4e_MD5.jpg","09-033.jpg","content/Images/2024 03 Middle East/09/09-033.jpg"
"09","5d041ef599fa1ebd5b4ebffd5ae0949f_MD5.jpg","09-034.jpg","content/Images/2024 03 Middle East/09/09-034.jpg"
"09","dc6aeb4f2830bb7bc6d72585593e0e1e_MD5.jpg","09-035.jpg","content/Images/2024 03 Middle East/09/09-035.jpg"
"09","d68ce3bc6ca96bb85f71a565c85d79d3_MD5.jpg","09-036.jpg","content/Images/2024 03 Middle East/09/09-036.jpg"
"09","569221ea674c7530e1a0a1c236400f8e_MD5.jpg","09-037.jpg","content/Images/2024 03 Middle East/09/09-037.jpg"
"09","772738af2785ec249cfdc689eec76d8a_MD5.jpg","09-038.jpg","content/Images/2024 03 Middle East/09/09-038.jpg"
"09","2509f7ffceeb62fcaf0c4484e3a62651_MD5.jpg","09-039.jpg","content/Images/2024 03 Middle East/09/09-039.jpg"
"09","e489d933fcb7a3a4df66f45089dc5fb5_MD5.jpg","09-040.jpg","content/Images/2024 03 Middle East/09/09-040.jpg"
"09","7891c52da51a5158427b5193fcf8a984_MD5.jpg","09-041.jpg","content/Images/2024 03 Middle East/09/09-041.jpg"
"09","ac48cfc9432d42c938235638ed1c7f87_MD5.jpg","09-042.jpg","content/Images/2024 03 Middle East/09/09-042.jpg"
"09","a44895c8a19410debede4aa3305d7f8e_MD5.jpg","09-043.jpg","content/Images/2024 03 Middle East/09/09-043.jpg"
"09","ea3c56053f24ec3b5ed5a178ff80b55a_MD5.jpg","09-044.jpg","content/Images/2024 03 Middle East/09/09-044.jpg"
"09","e389b835246f38b876aabf84ffc4319f_MD5.jpg","09-045.jpg","content/Images/2024 03 Middle East/09/09-045.jpg"
"09","c4bc77bbcf6b9ae846fee9730fcabf8f_MD5.jpg","09-046.jpg","content/Images/2024 03 Middle East/09/09-046.jpg"
"09","8442fd09c43e8da91172a069719e6fec_MD5.jpg","09-047.jpg","content/Images/2024 03 Middle East/09/09-047.jpg"
"09","b12194b1ec1da12c8d2743470703ed9d_MD5.jpg","09-048.jpg","content/Images/2024 03 Middle East/09/09-048.jpg"
"09","4126275b171d4b3a91ad43616254fbd3_MD5.jpg","09-049.jpg","content/Images/2024 03 Middle East/09/09-049.jpg"
"09","fbf33ccab8d946e05fffff6bf2b162b1_MD5.jpg","09-050.jpg","content/Images/2024 03 Middle East/09/09-050.jpg"
"09","abf379e3cb27abfcc41c00bba42fffc9_MD5.jpg","09-051.jpg","content/Images/2024 03 Middle East/09/09-051.jpg"
"09","f7bb49f346e084cde5f24249557cd9de_MD5.jpg","09-052.jpg","content/Images/2024 03 Middle East/09/09-052.jpg"
"09","0a20f398bd0b7cd4b51cfcc033f1f2ff_MD5.jpg","09-053.jpg","content/Images/2024 03 Middle East/09/09-053.jpg"
"09","6b5c2c2beed3646a83641a380e4381f9_MD5.jpg","09-054.jpg","content/Images/2024 03 Middle East/09/09-054.jpg"
"09","7b9a05c9b4ae44cf782b152735c2b02c_MD5.jpg","09-055.jpg","content/Images/2024 03 Middle East/09/09-055.jpg"
"10","0dba633ce1d1ed6a7db9554163981387_MD5.jpg","10-001.jpg","content/Images/2024 03 Middle East/10/10-001.jpg"
"10","1a9e6f0c02f1e6728382856d30096289_MD5.jpg","10-002.jpg","content/Images/2024 03 Middle East/10/10-002.jpg"
"10","61496835a22cf8ea728e8f4c37108785_MD5.jpg","10-003.jpg","content/Images/2024 03 Middle East/10/10-003.jpg"
"10","c585c4f7587fca8f9b1574785e835dc4_MD5.jpg","10-004.jpg","content/Images/2024 03 Middle East/10/10-004.jpg"
"10","2a24f9813f8fd5a1ee5b8db7ff0e148f_MD5.jpg","10-005.jpg","content/Images/2024 03 Middle East/10/10-005.jpg"
"10","5379af9d7e5b136cb55ce9c2ebf00dd2_MD5.jpg","10-006.jpg","content/Images/2024 03 Middle East/10/10-006.jpg"
"10","ca8d871ffd43976747a71f6459ef2483_MD5.jpg","10-007.jpg","content/Images/2024 03 Middle East/10/10-007.jpg"
"10","897b969ebf3fecc04654310dcae1c876_MD5.jpg","10-008.jpg","content/Images/2024 03 Middle East/10/10-008.jpg"
"10","536032585c6b1ff48b266f655e68f28e_MD5.jpg","10-009.jpg","content/Images/2024 03 Middle East/10/10-009.jpg"
"10","6a7d46173daac5be66f242e4d3263c6f_MD5.jpg","10-010.jpg","content/Images/2024 03 Middle East/10/10-010.jpg"
"10","7025d68b8708930adffa57f0a2856fdf_MD5.jpg","10-011.jpg","content/Images/2024 03 Middle East/10/10-011.jpg"
"10","464a54c50f95be075b0565a98252ad5d_MD5.jpg","10-012.jpg","content/Images/2024 03 Middle East/10/10-012.jpg"
"10","af56d8c4c997974ffc373d52efe2618d_MD5.jpg","10-013.jpg","content/Images/2024 03 Middle East/10/10-013.jpg"
"10","3d1c14dc586f3eb7054f149dd5ad8625_MD5.jpg","10-014.jpg","content/Images/2024 03 Middle East/10/10-014.jpg"
"10","179d7851519b870195c3423bb24715e1_MD5.jpg","10-015.jpg","content/Images/2024 03 Middle East/10/10-015.jpg"
"10","739700f251fbbc911e59f6a80aeee65c_MD5.jpg","10-016.jpg","content/Images/2024 03 Middle East/10/10-016.jpg"
"10","b4c6dc5bcff505b8992c03eb3bec2ce5_MD5.jpg","10-017.jpg","content/Images/2024 03 Middle East/10/10-017.jpg"
"10","51eceb0209e4cb7a4fe90a8bad240635_MD5.jpg","10-018.jpg","content/Images/2024 03 Middle East/10/10-018.jpg"
"10","1f39fa0f11144954548a61b2326083cf_MD5.jpg","10-019.jpg","content/Images/2024 03 Middle East/10/10-019.jpg"
"10","27e228a94fbe05d07b6e306c192ef75b_MD5.jpg","10-020.jpg","content/Images/2024 03 Middle East/10/10-020.jpg"
"10","b49fb56f43709192eddbbc0d4eb1ada3_MD5.jpg","10-021.jpg","content/Images/2024 03 Middle East/10/10-021.jpg"
"10","8f350f949ddf36209eb76af2c2e9acbb_MD5.jpg","10-022.jpg","content/Images/2024 03 Middle East/10/10-022.jpg"
"10","2cb5d96ca7e3f2017a1b4c11c6debc6e_MD5.jpg","10-023.jpg","content/Images/2024 03 Middle East/10/10-023.jpg"
"10","2e921c2713a9b9365b795473ae6c9996_MD5.jpg","10-024.jpg","content/Images/2024 03 Middle East/10/10-024.jpg"
"10","362bad7c2587097ddcf95da8b901fdc5_MD5.jpg","10-025.jpg","content/Images/2024 03 Middle East/10/10-025.jpg"
"10","59d4c6335ac54ff98703f7da6fc5dc27_MD5.jpg","10-026.jpg","content/Images/2024 03 Middle East/10/10-026.jpg"
"10","b50ad7bb3f5d39bd8ef0bc01b4866338_MD5.jpg","10-027.jpg","content/Images/2024 03 Middle East/10/10-027.jpg"
"10","84c171a47ebdcf9e0456a5bbe9ccefdc_MD5.jpg","10-028.jpg","content/Images/2024 03 Middle East/10/10-028.jpg"
"10","face9dc3cd1b226b3440953f8c37e8bb_MD5.jpg","10-029.jpg","content/Images/2024 03 Middle East/10/10-029.jpg"
"10","4b451d6fcebca8c0b506e555cfe7592a_MD5.jpg","10-030.jpg","content/Images/2024 03 Middle East/10/10-030.jpg"
"10","bea23705731d43bfb0e6e125918121e7_MD5.jpg","10-031.jpg","content/Images/2024 03 Middle East/10/10-031.jpg"
"10","15142c6030c1903105c7392f7b190cb8_MD5.jpg","10-032.jpg","content/Images/2024 03 Middle East/10/10-032.jpg"
"10","16c0f756171b03a4968b7167d2a060b6_MD5.jpg","10-033.jpg","content/Images/2024 03 Middle East/10/10-033.jpg"
"10","3349f7e35cb1f3db15df21c08f6a6a74_MD5.jpg","10-034.jpg","content/Images/2024 03 Middle East/10/10-034.jpg"
"10","74e5a670791cd24e1aefb3cbcf09a4af_MD5.jpg","10-035.jpg","content/Images/2024 03 Middle East/10/10-035.jpg"
"10","64d210ccbd98e8aeb696311457c25caa_MD5.jpg","10-036.jpg","content/Images/2024 03 Middle East/10/10-036.jpg"
"10","b7192bc2b92b0893e193900c2bbfa546_MD5.jpg","10-037.jpg","content/Images/2024 03 Middle East/10/10-037.jpg"
"10","865017beb710634eb14e456370332872_MD5.jpg","10-038.jpg","content/Images/2024 03 Middle East/10/10-038.jpg"
"10","04c1017cf11b0eaad8f5dffbe1802a91_MD5.jpg","10-039.jpg","content/Images/2024 03 Middle East/10/10-039.jpg"
"10","015d8cd727f54ffda7a7533c24acb599_MD5.jpg","10-040.jpg","content/Images/2024 03 Middle East/10/10-040.jpg"
"10","1253ebd80f9d3186999d51d637e0f046_MD5.jpg","10-041.jpg","content/Images/2024 03 Middle East/10/10-041.jpg"
"10","0e3230da878b53429b70e9dd1ade7752_MD5.jpg","10-042.jpg","content/Images/2024 03 Middle East/10/10-042.jpg"
"10","174ba565c479e01c43ec3d18b1443f7d_MD5.jpg","10-043.jpg","content/Images/2024 03 Middle East/10/10-043.jpg"
"10","281e6915abd1fa53c7cf53e764e91c22_MD5.jpg","10-044.jpg","content/Images/2024 03 Middle East/10/10-044.jpg"
"10","3c85783147ddbc5f7d8e60687de5e208_MD5.jpg","10-045.jpg","content/Images/2024 03 Middle East/10/10-045.jpg"
"10","e9d7693f515c454bf72a7759ad98b768_MD5.jpg","10-046.jpg","content/Images/2024 03 Middle East/10/10-046.jpg"
"10","a17ff31db235d9eda3cdd4ddbfb7265b_MD5.jpg","10-047.jpg","content/Images/2024 03 Middle East/10/10-047.jpg"
"10","618690058078e4ab79a4e73b0a2058db_MD5.jpg","10-048.jpg","content/Images/2024 03 Middle East/10/10-048.jpg"
"10","bea2fd1dfcfd0fb53ed14cfebc516b0f_MD5.jpg","10-049.jpg","content/Images/2024 03 Middle East/10/10-049.jpg"
"10","78fba7825ecfe2c92d42baf37ee39c6e_MD5.jpg","10-050.jpg","content/Images/2024 03 Middle East/10/10-050.jpg"
"10","4da649523f987d0622a96ccd204b68cd_MD5.jpg","10-051.jpg","content/Images/2024 03 Middle East/10/10-051.jpg"
"10","5659a90d37abb2cc5467db99f12fcde7_MD5.jpg","10-052.jpg","content/Images/2024 03 Middle East/10/10-052.jpg"
"10","62baa180ca7502d313c5825a78537f7e_MD5.jpg","10-053.jpg","content/Images/2024 03 Middle East/10/10-053.jpg"
"10","41067bfbf08484c28f0eefe8e8ac8faa_MD5.jpg","10-054.jpg","content/Images/2024 03 Middle East/10/10-054.jpg"
"10","8524141feb13b815bc4e629a06d7d652_MD5.jpg","10-055.jpg","content/Images/2024 03 Middle East/10/10-055.jpg"
"10","8856398fce4807cc342a5238169a19b7_MD5.jpg","10-056.jpg","content/Images/2024 03 Middle East/10/10-056.jpg"
"10","62a2f58b5d2f580abb97000bb28a774c_MD5.jpg","10-057.jpg","content/Images/2024 03 Middle East/10/10-057.jpg"
"10","7ff7cfd034835102d03ffe52715534ff_MD5.jpg","10-058.jpg","content/Images/2024 03 Middle East/10/10-058.jpg"
"10","9ae9c97c5d5175869f44021a24aa0476_MD5.jpg","10-059.jpg","content/Images/2024 03 Middle East/10/10-059.jpg"
"11","036860ea5eec27edf4d88d02cfad7aa5_MD5.jpg","11-001.jpg","content/Images/2024 03 Middle East/11/11-001.jpg"
"11","2a6a49eeda5dbae3a9abdf81f5317f2e_MD5.jpg","11-002.jpg","content/Images/2024 03 Middle East/11/11-002.jpg"
"11","5cc0fc10b2a2daf89a3fb84c9673b4c3_MD5.jpg","11-003.jpg","content/Images/2024 03 Middle East/11/11-003.jpg"
"11","4579378db44eb61686cf3ac6db7b70c1_MD5.jpg","11-004.jpg","content/Images/2024 03 Middle East/11/11-004.jpg"
"11","ec59848a7f323956c5cf5fd91afc619f_MD5.jpg","11-005.jpg","content/Images/2024 03 Middle East/11/11-005.jpg"
"11","d142e5072c8df3d21d7562710fc7d236_MD5.jpg","11-006.jpg","content/Images/2024 03 Middle East/11/11-006.jpg"
"11","3adbd6871e0a72867cba68607a649331_MD5.jpg","11-007.jpg","content/Images/2024 03 Middle East/11/11-007.jpg"
"11","479ff528be0d5c5964392a9d2ae0fc15_MD5.jpg","11-008.jpg","content/Images/2024 03 Middle East/11/11-008.jpg"
"11","93f6dc427618c386240acfcb1dcf7419_MD5.jpg","11-009.jpg","content/Images/2024 03 Middle East/11/11-009.jpg"
"11","fdf70f71d4c44f230e068089506ca418_MD5.jpg","11-010.jpg","content/Images/2024 03 Middle East/11/11-010.jpg"
"11","70ea03fa726e3028829b61e80dd0762f_MD5.jpg","11-011.jpg","content/Images/2024 03 Middle East/11/11-011.jpg"
"11","ad6044afb6efdf46d64ce19c05606bbf_MD5.jpg","11-012.jpg","content/Images/2024 03 Middle East/11/11-012.jpg"
"11","647003199a46163afe9f1681119f3440_MD5.jpg","11-013.jpg","content/Images/2024 03 Middle East/11/11-013.jpg"
"11","a5cbe251a91c2b5fa4122bc3c3e29108_MD5.jpg","11-014.jpg","content/Images/2024 03 Middle East/11/11-014.jpg"
"11","f6d316e630e36ace8ee0fc84d15bc0df_MD5.jpg","11-015.jpg","content/Images/2024 03 Middle East/11/11-015.jpg"
"11","39c2b29541e3e2f97364a4dc035b965e_MD5.jpg","11-016.jpg","content/Images/2024 03 Middle East/11/11-016.jpg"
"11","a93a981cd930e62664740958aaacfdd2_MD5.jpg","11-017.jpg","content/Images/2024 03 Middle East/11/11-017.jpg"
"11","a47722c47f81ef5d63427a596e0e9c02_MD5.jpg","11-018.jpg","content/Images/2024 03 Middle East/11/11-018.jpg"
"11","84564ec52428657a61ecdcf3a638da6a_MD5.jpg","11-019.jpg","content/Images/2024 03 Middle East/11/11-019.jpg"
"11","30924866ec8c439eed0ceaa79ca58fe2_MD5.jpg","11-020.jpg","content/Images/2024 03 Middle East/11/11-020.jpg"
"11","444dffa98d718dcab1af44140922790d_MD5.jpg","11-021.jpg","content/Images/2024 03 Middle East/11/11-021.jpg"
"11","c852051864f788c5c578d2afdcaf0c05_MD5.jpg","11-022.jpg","content/Images/2024 03 Middle East/11/11-022.jpg"
"11","19b3271c0396084e2f5aa9c8f0974049_MD5.jpg","11-023.jpg","content/Images/2024 03 Middle East/11/11-023.jpg"
"11","b3292177e572936a480ca5d7f5321fc9_MD5.jpg","11-024.jpg","content/Images/2024 03 Middle East/11/11-024.jpg"
"11","3e7a20024a34d39e4aa7b8c9ae9f8029_MD5.jpg","11-025.jpg","content/Images/2024 03 Middle East/11/11-025.jpg"
"11","ce773c4cbad5745877e8dbf6b72b8a11_MD5.jpg","11-026.jpg","content/Images/2024 03 Middle East/11/11-026.jpg"
"11","aef43bdc790b6c42a762aed432708607_MD5.jpg","11-027.jpg","content/Images/2024 03 Middle East/11/11-027.jpg"
"11","39ab8bd491e436ad0a57ab94c9bd663c_MD5.jpg","11-028.jpg","content/Images/2024 03 Middle East/11/11-028.jpg"
"11","85e8bb90dd66285c7353e81f596cb05e_MD5.jpg","11-029.jpg","content/Images/2024 03 Middle East/11/11-029.jpg"
"11","faba0e54b0e45c9cf643e9676fa75d14_MD5.jpg","11-030.jpg","content/Images/2024 03 Middle East/11/11-030.jpg"
"11","3e1d8b42c91edb03c3b67ab89391299a_MD5.jpg","11-031.jpg","content/Images/2024 03 Middle East/11/11-031.jpg"
"11","c9a5d2cdc72f7bbf44b2393f29addffe_MD5.jpg","11-032.jpg","content/Images/2024 03 Middle East/11/11-032.jpg"
"11","ca887cb32cde553fb7a0b9707526ca62_MD5.jpg","11-033.jpg","content/Images/2024 03 Middle East/11/11-033.jpg"
"11","f5a194a44de9827c7afb266337e39cb7_MD5.jpg","11-034.jpg","content/Images/2024 03 Middle East/11/11-034.jpg"
"11","14c060b3c26ac7657dc142f0ca0d0759_MD5.jpg","11-035.jpg","content/Images/2024 03 Middle East/11/11-035.jpg"
"11","0b719b2b896c69b63d2996328dc915e2_MD5.jpg","11-036.jpg","content/Images/2024 03 Middle East/11/11-036.jpg"
"11","8732a47722de83668c15c20b7165e2d8_MD5.jpg","11-037.jpg","content/Images/2024 03 Middle East/11/11-037.jpg"
"11","4097f182eae9abf8f760ac2c4ff9c714_MD5.jpg","11-038.jpg","content/Images/2024 03 Middle East/11/11-038.jpg"
"11","c763e5d64f61e33833ab7c4c317f7d62_MD5.jpg","11-039.jpg","content/Images/2024 03 Middle East/11/11-039.jpg"
"11","40ffb80aca6290351b3f6c393b04999a_MD5.jpg","11-040.jpg","content/Images/2024 03 Middle East/11/11-040.jpg"
"11","2c029f0a20761b180de3ac8a4cd2a5a8_MD5.jpg","11-041.jpg","content/Images/2024 03 Middle East/11/11-041.jpg"
"11","2d852f44c2cd1e92056a4d06c0a4046d_MD5.jpg","11-042.jpg","content/Images/2024 03 Middle East/11/11-042.jpg"
"11","5ccf8d54a02afdbb692f7857f8992847_MD5.jpg","11-043.jpg","content/Images/2024 03 Middle East/11/11-043.jpg"
"11","9e612bb0e548ee80178f8a5e6929d254_MD5.jpg","11-044.jpg","content/Images/2024 03 Middle East/11/11-044.jpg"
"11","9a40ade5ed2881072f5c67bd93af6abe_MD5.jpg","11-045.jpg","content/Images/2024 03 Middle East/11/11-045.jpg"
"11","67163ce8ee68953398b1e64c5c362fd5_MD5.jpg","11-046.jpg","content/Images/2024 03 Middle East/11/11-046.jpg"
"11","8edd4de74a19c58c42cd79fd0ce9ca95_MD5.jpg","11-047.jpg","content/Images/2024 03 Middle East/11/11-047.jpg"
"11","a1035ff5753447307da2d70359b11c1c_MD5.jpg","11-048.jpg","content/Images/2024 03 Middle East/11/11-048.jpg"
"11","2f6e135219b7fde7cca381d852d0a574_MD5.jpg","11-049.jpg","content/Images/2024 03 Middle East/11/11-049.jpg"
"11","7c1c922132b54e07adee77c4886db9f4_MD5.jpg","11-050.jpg","content/Images/2024 03 Middle East/11/11-050.jpg"
"11","74dc2fd56cd914ad28666d8a570af36b_MD5.jpg","11-051.jpg","content/Images/2024 03 Middle East/11/11-051.jpg"
"11","a019bd9705ad467923268bd8441a704a_MD5.jpg","11-052.jpg","content/Images/2024 03 Middle East/11/11-052.jpg"
"11","4c18cae8613ae4ee1fb861ca7a510f3b_MD5.jpg","11-053.jpg","content/Images/2024 03 Middle East/11/11-053.jpg"
"11","3004b15eca58d22fe718edc505651fa3_MD5.jpg","11-054.jpg","content/Images/2024 03 Middle East/11/11-054.jpg"
"11","f157d5c57010614729806d61cb7b5eb1_MD5.jpg","11-055.jpg","content/Images/2024 03 Middle East/11/11-055.jpg"
"11","0b2697d961c0a86b63cd214607ef0d1f_MD5.jpg","11-056.jpg","content/Images/2024 03 Middle East/11/11-056.jpg"
"11","24d425be146c36800120ffb66f840446_MD5.jpg","11-057.jpg","content/Images/2024 03 Middle East/11/11-057.jpg"
"11","115c2673aea0560a39efdb47d1ad8fb7_MD5.jpg","11-058.jpg","content/Images/2024 03 Middle East/11/11-058.jpg"
"11","d028f7942cecddf8626836e17cc3fe88_MD5.jpg","11-059.jpg","content/Images/2024 03 Middle East/11/11-059.jpg"
"11","b2e1fb30d90d18a1af60ee2b648977a7_MD5.jpg","11-060.jpg","content/Images/2024 03 Middle East/11/11-060.jpg"
